country,iso3,who_region,month_start,month_lab,cases,deaths
Andorra,AND,EURO,01-07-22,Jul 2022,3,0
Andorra,AND,EURO,01-08-22,Aug 2022,1,0
Andorra,AND,EURO,01-09-22,sept-22,0,0
Andorra,AND,EURO,01-10-22,oct-22,0,0
Andorra,AND,EURO,01-11-22,nov-22,0,0
Andorra,AND,EURO,01-12-22,Dec 2022,0,0
Andorra,AND,EURO,01-01-23,janv-23,0,0
Andorra,AND,EURO,01-02-23,Feb 2023,0,0
Andorra,AND,EURO,01-03-23,mars-23,0,0
Andorra,AND,EURO,01-04-23,Apr 2023,0,0
Andorra,AND,EURO,01-05-23,May 2023,0,0
Andorra,AND,EURO,01-06-23,Jun 2023,0,0
Andorra,AND,EURO,01-07-23,Jul 2023,0,0
Andorra,AND,EURO,01-08-23,Aug 2023,0,0
Andorra,AND,EURO,01-09-23,sept-23,0,0
Andorra,AND,EURO,01-10-23,oct-23,0,0
Andorra,AND,EURO,01-11-23,nov-23,0,0
Andorra,AND,EURO,01-12-23,Dec 2023,0,0
Andorra,AND,EURO,01-01-24,janv-24,0,0
Andorra,AND,EURO,01-02-24,Feb 2024,0,0
Andorra,AND,EURO,01-03-24,mars-24,0,0
Andorra,AND,EURO,01-04-24,Apr 2024,0,0
Andorra,AND,EURO,01-05-24,May 2024,0,0
Argentina,ARG,AMRO,01-05-22,May 2022,2,0
Argentina,ARG,AMRO,01-06-22,Jun 2022,4,0
Argentina,ARG,AMRO,01-07-22,Jul 2022,14,0
Argentina,ARG,AMRO,01-08-22,Aug 2022,150,0
Argentina,ARG,AMRO,01-09-22,sept-22,226,0
Argentina,ARG,AMRO,01-10-22,oct-22,279,0
Argentina,ARG,AMRO,01-11-22,nov-22,269,1
Argentina,ARG,AMRO,01-12-22,Dec 2022,74,0
Argentina,ARG,AMRO,01-01-23,janv-23,57,1
Argentina,ARG,AMRO,01-02-23,Feb 2023,33,0
Argentina,ARG,AMRO,01-03-23,mars-23,16,0
Argentina,ARG,AMRO,01-04-23,Apr 2023,4,0
Argentina,ARG,AMRO,01-05-23,May 2023,1,0
Argentina,ARG,AMRO,01-06-23,Jun 2023,0,0
Argentina,ARG,AMRO,01-07-23,Jul 2023,0,0
Argentina,ARG,AMRO,01-08-23,Aug 2023,1,0
Argentina,ARG,AMRO,01-09-23,sept-23,0,0
Argentina,ARG,AMRO,01-10-23,oct-23,5,0
Argentina,ARG,AMRO,01-11-23,nov-23,1,0
Argentina,ARG,AMRO,01-12-23,Dec 2023,0,0
Argentina,ARG,AMRO,01-01-24,janv-24,13,0
Argentina,ARG,AMRO,01-02-24,Feb 2024,0,0
Argentina,ARG,AMRO,01-03-24,mars-24,0,0
Argentina,ARG,AMRO,01-04-24,Apr 2024,0,0
Argentina,ARG,AMRO,01-05-24,May 2024,0,0
Aruba,ABW,AMRO,01-08-22,Aug 2022,2,0
Aruba,ABW,AMRO,01-09-22,sept-22,1,0
Aruba,ABW,AMRO,01-10-22,oct-22,0,0
Aruba,ABW,AMRO,01-11-22,nov-22,0,0
Aruba,ABW,AMRO,01-12-22,Dec 2022,0,0
Aruba,ABW,AMRO,01-01-23,janv-23,0,0
Aruba,ABW,AMRO,01-02-23,Feb 2023,0,0
Aruba,ABW,AMRO,01-03-23,mars-23,0,0
Aruba,ABW,AMRO,01-04-23,Apr 2023,0,0
Aruba,ABW,AMRO,01-05-23,May 2023,0,0
Aruba,ABW,AMRO,01-06-23,Jun 2023,0,0
Aruba,ABW,AMRO,01-07-23,Jul 2023,0,0
Aruba,ABW,AMRO,01-08-23,Aug 2023,0,0
Aruba,ABW,AMRO,01-09-23,sept-23,0,0
Aruba,ABW,AMRO,01-10-23,oct-23,0,0
Aruba,ABW,AMRO,01-11-23,nov-23,0,0
Aruba,ABW,AMRO,01-12-23,Dec 2023,0,0
Aruba,ABW,AMRO,01-01-24,janv-24,0,0
Aruba,ABW,AMRO,01-02-24,Feb 2024,0,0
Aruba,ABW,AMRO,01-03-24,mars-24,0,0
Aruba,ABW,AMRO,01-04-24,Apr 2024,0,0
Aruba,ABW,AMRO,01-05-24,May 2024,0,0
Australia,AUS,WPRO,01-05-22,May 2022,2,0
Australia,AUS,WPRO,01-06-22,Jun 2022,10,0
Australia,AUS,WPRO,01-07-22,Jul 2022,33,0
Australia,AUS,WPRO,01-08-22,Aug 2022,61,0
Australia,AUS,WPRO,01-09-22,sept-22,30,0
Australia,AUS,WPRO,01-10-22,oct-22,4,0
Australia,AUS,WPRO,01-11-22,nov-22,3,0
Australia,AUS,WPRO,01-12-22,Dec 2022,1,0
Australia,AUS,WPRO,01-02-23,Feb 2023,1,0
Australia,AUS,WPRO,01-04-23,Apr 2023,2,0
Australia,AUS,WPRO,01-05-23,May 2023,1,0
Australia,AUS,WPRO,01-06-23,Jun 2023,1,0
Australia,AUS,WPRO,01-07-23,Jul 2023,7,0
Australia,AUS,WPRO,01-08-23,Aug 2023,3,0
Australia,AUS,WPRO,01-09-23,sept-23,5,0
Australia,AUS,WPRO,01-10-23,oct-23,2,0
Australia,AUS,WPRO,01-11-23,nov-23,2,0
Australia,AUS,WPRO,01-12-23,Dec 2023,2,0
Australia,AUS,WPRO,01-01-24,janv-24,6,0
Australia,AUS,WPRO,01-04-24,Apr 2024,5,0
Australia,AUS,WPRO,01-05-24,May 2024,33,0
Austria,AUT,EURO,01-05-22,May 2022,1,0
Austria,AUT,EURO,01-06-22,Jun 2022,19,0
Austria,AUT,EURO,01-07-22,Jul 2022,98,0
Austria,AUT,EURO,01-08-22,Aug 2022,147,0
Austria,AUT,EURO,01-09-22,sept-22,48,0
Austria,AUT,EURO,01-10-22,oct-22,10,0
Austria,AUT,EURO,01-11-22,nov-22,3,0
Austria,AUT,EURO,01-12-22,Dec 2022,1,0
Austria,AUT,EURO,01-01-23,janv-23,0,0
Austria,AUT,EURO,01-02-23,Feb 2023,0,0
Austria,AUT,EURO,01-03-23,mars-23,0,0
Austria,AUT,EURO,01-04-23,Apr 2023,1,0
Austria,AUT,EURO,01-05-23,May 2023,0,0
Austria,AUT,EURO,01-06-23,Jun 2023,0,0
Austria,AUT,EURO,01-07-23,Jul 2023,0,0
Austria,AUT,EURO,01-08-23,Aug 2023,0,0
Austria,AUT,EURO,01-09-23,sept-23,2,0
Austria,AUT,EURO,01-10-23,oct-23,1,0
Austria,AUT,EURO,01-11-23,nov-23,2,0
Austria,AUT,EURO,01-12-23,Dec 2023,5,0
Austria,AUT,EURO,01-01-24,janv-24,3,0
Austria,AUT,EURO,01-02-24,Feb 2024,4,1
Austria,AUT,EURO,01-03-24,mars-24,0,0
Austria,AUT,EURO,01-04-24,Apr 2024,1,0
Austria,AUT,EURO,01-05-24,May 2024,2,0
Bahamas,BHS,AMRO,01-06-22,Jun 2022,1,0
Bahamas,BHS,AMRO,01-07-22,Jul 2022,0,0
Bahamas,BHS,AMRO,01-08-22,Aug 2022,1,0
Bahamas,BHS,AMRO,01-09-22,sept-22,0,0
Bahamas,BHS,AMRO,01-10-22,oct-22,0,0
Bahamas,BHS,AMRO,01-11-22,nov-22,0,0
Bahamas,BHS,AMRO,01-12-22,Dec 2022,0,0
Bahamas,BHS,AMRO,01-01-23,janv-23,0,0
Bahamas,BHS,AMRO,01-02-23,Feb 2023,0,0
Bahamas,BHS,AMRO,01-03-23,mars-23,0,0
Bahamas,BHS,AMRO,01-04-23,Apr 2023,0,0
Bahamas,BHS,AMRO,01-05-23,May 2023,0,0
Bahamas,BHS,AMRO,01-06-23,Jun 2023,1,0
Bahamas,BHS,AMRO,01-07-23,Jul 2023,0,0
Bahamas,BHS,AMRO,01-08-23,Aug 2023,0,0
Bahamas,BHS,AMRO,01-09-23,sept-23,0,0
Bahamas,BHS,AMRO,01-10-23,oct-23,0,0
Bahamas,BHS,AMRO,01-11-23,nov-23,0,0
Bahamas,BHS,AMRO,01-12-23,Dec 2023,0,0
Bahamas,BHS,AMRO,01-01-24,janv-24,0,0
Bahamas,BHS,AMRO,01-02-24,Feb 2024,0,0
Bahamas,BHS,AMRO,01-03-24,mars-24,0,0
Bahamas,BHS,AMRO,01-04-24,Apr 2024,0,0
Bahamas,BHS,AMRO,01-05-24,May 2024,0,0
Bahrain,BHR,EMRO,01-09-22,sept-22,1,0
Bahrain,BHR,EMRO,01-04-23,Apr 2023,1,0
Barbados,BRB,AMRO,01-07-22,Jul 2022,1,0
Barbados,BRB,AMRO,01-08-22,Aug 2022,0,0
Barbados,BRB,AMRO,01-09-22,sept-22,0,0
Barbados,BRB,AMRO,01-10-22,oct-22,0,0
Barbados,BRB,AMRO,01-11-22,nov-22,0,0
Barbados,BRB,AMRO,01-12-22,Dec 2022,0,0
Barbados,BRB,AMRO,01-01-23,janv-23,0,0
Barbados,BRB,AMRO,01-02-23,Feb 2023,0,0
Barbados,BRB,AMRO,01-03-23,mars-23,0,0
Barbados,BRB,AMRO,01-04-23,Apr 2023,0,0
Barbados,BRB,AMRO,01-05-23,May 2023,0,0
Barbados,BRB,AMRO,01-06-23,Jun 2023,0,0
Barbados,BRB,AMRO,01-07-23,Jul 2023,0,0
Barbados,BRB,AMRO,01-08-23,Aug 2023,0,0
Barbados,BRB,AMRO,01-09-23,sept-23,0,0
Barbados,BRB,AMRO,01-10-23,oct-23,0,0
Barbados,BRB,AMRO,01-11-23,nov-23,0,0
Barbados,BRB,AMRO,01-12-23,Dec 2023,0,0
Barbados,BRB,AMRO,01-01-24,janv-24,0,0
Barbados,BRB,AMRO,01-02-24,Feb 2024,0,0
Barbados,BRB,AMRO,01-03-24,mars-24,0,0
Barbados,BRB,AMRO,01-04-24,Apr 2024,0,0
Barbados,BRB,AMRO,01-05-24,May 2024,0,0
Belgium,BEL,EURO,01-05-22,May 2022,10,0
Belgium,BEL,EURO,01-06-22,Jun 2022,107,0
Belgium,BEL,EURO,01-07-22,Jul 2022,276,0
Belgium,BEL,EURO,01-08-22,Aug 2022,313,1
Belgium,BEL,EURO,01-09-22,sept-22,64,0
Belgium,BEL,EURO,01-10-22,oct-22,15,0
Belgium,BEL,EURO,01-11-22,nov-22,4,0
Belgium,BEL,EURO,01-12-22,Dec 2022,1,0
Belgium,BEL,EURO,01-01-23,janv-23,3,0
Belgium,BEL,EURO,01-02-23,Feb 2023,0,1
Belgium,BEL,EURO,01-03-23,mars-23,0,0
Belgium,BEL,EURO,01-04-23,Apr 2023,0,0
Belgium,BEL,EURO,01-05-23,May 2023,0,0
Belgium,BEL,EURO,01-06-23,Jun 2023,2,0
Belgium,BEL,EURO,01-07-23,Jul 2023,0,0
Belgium,BEL,EURO,01-08-23,Aug 2023,0,0
Belgium,BEL,EURO,01-09-23,sept-23,0,0
Belgium,BEL,EURO,01-10-23,oct-23,0,0
Belgium,BEL,EURO,01-11-23,nov-23,2,0
Belgium,BEL,EURO,01-12-23,Dec 2023,3,0
Belgium,BEL,EURO,01-01-24,janv-24,3,0
Belgium,BEL,EURO,01-02-24,Feb 2024,2,0
Belgium,BEL,EURO,01-03-24,mars-24,1,0
Belgium,BEL,EURO,01-04-24,Apr 2024,3,0
Belgium,BEL,EURO,01-05-24,May 2024,0,0
Benin,BEN,AFRO,01-06-22,Jun 2022,3,0
Benin,BEN,AFRO,01-07-22,Jul 2022,0,0
Benin,BEN,AFRO,01-08-22,Aug 2022,0,0
Benin,BEN,AFRO,01-09-22,sept-22,0,0
Benin,BEN,AFRO,01-10-22,oct-22,0,0
Benin,BEN,AFRO,01-11-22,nov-22,0,0
Benin,BEN,AFRO,01-12-22,Dec 2022,0,0
Benin,BEN,AFRO,01-01-23,janv-23,0,0
Benin,BEN,AFRO,01-02-23,Feb 2023,0,0
Benin,BEN,AFRO,01-03-23,mars-23,0,0
Benin,BEN,AFRO,01-04-23,Apr 2023,0,0
Benin,BEN,AFRO,01-05-23,May 2023,0,0
Benin,BEN,AFRO,01-06-23,Jun 2023,0,0
Benin,BEN,AFRO,01-07-23,Jul 2023,0,0
Benin,BEN,AFRO,01-08-23,Aug 2023,0,0
Benin,BEN,AFRO,01-09-23,sept-23,0,0
Benin,BEN,AFRO,01-10-23,oct-23,0,0
Benin,BEN,AFRO,01-11-23,nov-23,0,0
Benin,BEN,AFRO,01-12-23,Dec 2023,0,0
Benin,BEN,AFRO,01-01-24,janv-24,0,0
Benin,BEN,AFRO,01-02-24,Feb 2024,0,0
Benin,BEN,AFRO,01-03-24,mars-24,0,0
Benin,BEN,AFRO,01-04-24,Apr 2024,0,0
Bermuda,BMU,AMRO,01-07-22,Jul 2022,1,0
Bermuda,BMU,AMRO,01-08-22,Aug 2022,0,0
Bermuda,BMU,AMRO,01-09-22,sept-22,0,0
Bermuda,BMU,AMRO,01-10-22,oct-22,0,0
Bermuda,BMU,AMRO,01-11-22,nov-22,0,0
Bermuda,BMU,AMRO,01-12-22,Dec 2022,0,0
Bermuda,BMU,AMRO,01-01-23,janv-23,0,0
Bermuda,BMU,AMRO,01-02-23,Feb 2023,0,0
Bermuda,BMU,AMRO,01-03-23,mars-23,0,0
Bermuda,BMU,AMRO,01-04-23,Apr 2023,0,0
Bermuda,BMU,AMRO,01-05-23,May 2023,0,0
Bermuda,BMU,AMRO,01-06-23,Jun 2023,0,0
Bermuda,BMU,AMRO,01-07-23,Jul 2023,0,0
Bermuda,BMU,AMRO,01-08-23,Aug 2023,0,0
Bermuda,BMU,AMRO,01-09-23,sept-23,0,0
Bermuda,BMU,AMRO,01-10-23,oct-23,0,0
Bermuda,BMU,AMRO,01-11-23,nov-23,0,0
Bermuda,BMU,AMRO,01-12-23,Dec 2023,0,0
Bermuda,BMU,AMRO,01-01-24,janv-24,0,0
Bermuda,BMU,AMRO,01-02-24,Feb 2024,0,0
Bermuda,BMU,AMRO,01-03-24,mars-24,0,0
Bermuda,BMU,AMRO,01-04-24,Apr 2024,0,0
Bermuda,BMU,AMRO,01-05-24,May 2024,0,0
Bolivia (Plurinational State of),BOL,AMRO,01-08-22,Aug 2022,86,0
Bolivia (Plurinational State of),BOL,AMRO,01-09-22,sept-22,109,0
Bolivia (Plurinational State of),BOL,AMRO,01-10-22,oct-22,46,0
Bolivia (Plurinational State of),BOL,AMRO,01-11-22,nov-22,18,0
Bolivia (Plurinational State of),BOL,AMRO,01-12-22,Dec 2022,2,0
Bolivia (Plurinational State of),BOL,AMRO,01-01-23,janv-23,3,0
Bolivia (Plurinational State of),BOL,AMRO,01-02-23,Feb 2023,1,0
Bolivia (Plurinational State of),BOL,AMRO,01-03-23,mars-23,0,0
Bolivia (Plurinational State of),BOL,AMRO,01-04-23,Apr 2023,0,0
Bolivia (Plurinational State of),BOL,AMRO,01-05-23,May 2023,0,0
Bolivia (Plurinational State of),BOL,AMRO,01-06-23,Jun 2023,0,0
Bolivia (Plurinational State of),BOL,AMRO,01-07-23,Jul 2023,0,0
Bolivia (Plurinational State of),BOL,AMRO,01-08-23,Aug 2023,0,0
Bolivia (Plurinational State of),BOL,AMRO,01-09-23,sept-23,0,0
Bolivia (Plurinational State of),BOL,AMRO,01-10-23,oct-23,0,0
Bolivia (Plurinational State of),BOL,AMRO,01-11-23,nov-23,0,0
Bolivia (Plurinational State of),BOL,AMRO,01-12-23,Dec 2023,0,0
Bolivia (Plurinational State of),BOL,AMRO,01-01-24,janv-24,0,0
Bolivia (Plurinational State of),BOL,AMRO,01-02-24,Feb 2024,0,0
Bolivia (Plurinational State of),BOL,AMRO,01-03-24,mars-24,0,0
Bolivia (Plurinational State of),BOL,AMRO,01-04-24,Apr 2024,0,0
Bolivia (Plurinational State of),BOL,AMRO,01-05-24,May 2024,0,0
Bosnia and Herzegovina,BIH,EURO,01-07-22,Jul 2022,1,0
Bosnia and Herzegovina,BIH,EURO,01-08-22,Aug 2022,2,0
Bosnia and Herzegovina,BIH,EURO,01-09-22,sept-22,2,0
Bosnia and Herzegovina,BIH,EURO,01-10-22,oct-22,4,0
Bosnia and Herzegovina,BIH,EURO,01-11-22,nov-22,0,0
Bosnia and Herzegovina,BIH,EURO,01-12-22,Dec 2022,0,0
Bosnia and Herzegovina,BIH,EURO,01-01-23,janv-23,0,0
Bosnia and Herzegovina,BIH,EURO,01-02-23,Feb 2023,0,0
Bosnia and Herzegovina,BIH,EURO,01-03-23,mars-23,0,0
Bosnia and Herzegovina,BIH,EURO,01-04-23,Apr 2023,0,0
Bosnia and Herzegovina,BIH,EURO,01-05-23,May 2023,0,0
Bosnia and Herzegovina,BIH,EURO,01-06-23,Jun 2023,0,0
Bosnia and Herzegovina,BIH,EURO,01-07-23,Jul 2023,0,0
Bosnia and Herzegovina,BIH,EURO,01-08-23,Aug 2023,0,0
Bosnia and Herzegovina,BIH,EURO,01-09-23,sept-23,0,0
Bosnia and Herzegovina,BIH,EURO,01-10-23,oct-23,0,0
Bosnia and Herzegovina,BIH,EURO,01-11-23,nov-23,0,0
Bosnia and Herzegovina,BIH,EURO,01-12-23,Dec 2023,0,0
Bosnia and Herzegovina,BIH,EURO,01-01-24,janv-24,0,0
Bosnia and Herzegovina,BIH,EURO,01-02-24,Feb 2024,0,0
Bosnia and Herzegovina,BIH,EURO,01-03-24,mars-24,0,0
Bosnia and Herzegovina,BIH,EURO,01-04-24,Apr 2024,0,0
Bosnia and Herzegovina,BIH,EURO,01-05-24,May 2024,0,0
Brazil,BRA,AMRO,01-06-22,Jun 2022,63,0
Brazil,BRA,AMRO,01-07-22,Jul 2022,915,0
Brazil,BRA,AMRO,01-08-22,Aug 2022,4219,2
Brazil,BRA,AMRO,01-09-22,sept-22,2672,0
Brazil,BRA,AMRO,01-10-22,oct-22,1314,6
Brazil,BRA,AMRO,01-11-22,nov-22,917,6
Brazil,BRA,AMRO,01-12-22,Dec 2022,411,0
Brazil,BRA,AMRO,01-01-23,janv-23,247,1
Brazil,BRA,AMRO,01-02-23,Feb 2023,104,0
Brazil,BRA,AMRO,01-03-23,mars-23,28,0
Brazil,BRA,AMRO,01-04-23,Apr 2023,25,1
Brazil,BRA,AMRO,01-05-23,May 2023,33,0
Brazil,BRA,AMRO,01-06-23,Jun 2023,13,0
Brazil,BRA,AMRO,01-07-23,Jul 2023,6,0
Brazil,BRA,AMRO,01-08-23,Aug 2023,0,0
Brazil,BRA,AMRO,01-09-23,sept-23,0,0
Brazil,BRA,AMRO,01-10-23,oct-23,0,0
Brazil,BRA,AMRO,01-11-23,nov-23,54,0
Brazil,BRA,AMRO,01-12-23,Dec 2023,85,0
Brazil,BRA,AMRO,01-01-24,janv-24,106,0
Brazil,BRA,AMRO,01-02-24,Feb 2024,0,0
Brazil,BRA,AMRO,01-03-24,mars-24,0,0
Brazil,BRA,AMRO,01-04-24,Apr 2024,0,0
Brazil,BRA,AMRO,01-05-24,May 2024,0,0
Bulgaria,BGR,EURO,01-06-22,Jun 2022,3,0
Bulgaria,BGR,EURO,01-07-22,Jul 2022,1,0
Bulgaria,BGR,EURO,01-08-22,Aug 2022,0,0
Bulgaria,BGR,EURO,01-09-22,sept-22,2,0
Bulgaria,BGR,EURO,01-10-22,oct-22,0,0
Bulgaria,BGR,EURO,01-11-22,nov-22,0,0
Bulgaria,BGR,EURO,01-12-22,Dec 2022,0,0
Bulgaria,BGR,EURO,01-01-23,janv-23,0,0
Bulgaria,BGR,EURO,01-02-23,Feb 2023,0,0
Bulgaria,BGR,EURO,01-03-23,mars-23,0,0
Bulgaria,BGR,EURO,01-04-23,Apr 2023,0,0
Bulgaria,BGR,EURO,01-05-23,May 2023,0,0
Bulgaria,BGR,EURO,01-06-23,Jun 2023,0,0
Bulgaria,BGR,EURO,01-07-23,Jul 2023,0,0
Bulgaria,BGR,EURO,01-08-23,Aug 2023,0,0
Bulgaria,BGR,EURO,01-09-23,sept-23,0,0
Bulgaria,BGR,EURO,01-10-23,oct-23,0,0
Bulgaria,BGR,EURO,01-11-23,nov-23,0,0
Bulgaria,BGR,EURO,01-12-23,Dec 2023,0,0
Bulgaria,BGR,EURO,01-01-24,janv-24,0,0
Bulgaria,BGR,EURO,01-02-24,Feb 2024,0,0
Bulgaria,BGR,EURO,01-03-24,mars-24,0,0
Bulgaria,BGR,EURO,01-04-24,Apr 2024,0,0
Bulgaria,BGR,EURO,01-05-24,May 2024,1,0
Cambodia,KHM,WPRO,01-12-23,Dec 2023,1,0
Cambodia,KHM,WPRO,01-01-24,janv-24,2,0
Cambodia,KHM,WPRO,01-02-24,Feb 2024,10,0
Cameroon,CMR,AFRO,01-03-22,mars-22,3,1
Cameroon,CMR,AFRO,01-04-22,Apr 2022,1,0
Cameroon,CMR,AFRO,01-05-22,May 2022,0,0
Cameroon,CMR,AFRO,01-06-22,Jun 2022,2,0
Cameroon,CMR,AFRO,01-07-22,Jul 2022,2,0
Cameroon,CMR,AFRO,01-08-22,Aug 2022,0,2
Cameroon,CMR,AFRO,01-09-22,sept-22,2,0
Cameroon,CMR,AFRO,01-10-22,oct-22,6,0
Cameroon,CMR,AFRO,01-11-22,nov-22,2,0
Cameroon,CMR,AFRO,01-12-22,Dec 2022,0,0
Cameroon,CMR,AFRO,01-01-23,janv-23,0,0
Cameroon,CMR,AFRO,01-02-23,Feb 2023,0,0
Cameroon,CMR,AFRO,01-03-23,mars-23,0,0
Cameroon,CMR,AFRO,01-04-23,Apr 2023,0,0
Cameroon,CMR,AFRO,01-05-23,May 2023,13,0
Cameroon,CMR,AFRO,01-06-23,Jun 2023,10,0
Cameroon,CMR,AFRO,01-07-23,Jul 2023,2,0
Cameroon,CMR,AFRO,01-08-23,Aug 2023,0,0
Cameroon,CMR,AFRO,01-09-23,sept-23,1,0
Cameroon,CMR,AFRO,01-10-23,oct-23,1,0
Cameroon,CMR,AFRO,01-11-23,nov-23,0,0
Cameroon,CMR,AFRO,01-12-23,Dec 2023,0,0
Cameroon,CMR,AFRO,01-01-24,janv-24,2,1
Cameroon,CMR,AFRO,01-02-24,Feb 2024,0,0
Cameroon,CMR,AFRO,01-03-24,mars-24,4,0
Cameroon,CMR,AFRO,01-04-24,Apr 2024,3,1
Cameroon,CMR,AFRO,01-05-24,May 2024,0,0
Canada,CAN,AMRO,01-04-22,Apr 2022,2,0
Canada,CAN,AMRO,01-05-22,May 2022,149,0
Canada,CAN,AMRO,01-06-22,Jun 2022,365,0
Canada,CAN,AMRO,01-07-22,Jul 2022,470,0
Canada,CAN,AMRO,01-08-22,Aug 2022,325,0
Canada,CAN,AMRO,01-09-22,sept-22,61,0
Canada,CAN,AMRO,01-10-22,oct-22,15,0
Canada,CAN,AMRO,01-11-22,nov-22,10,0
Canada,CAN,AMRO,01-12-22,Dec 2022,4,0
Canada,CAN,AMRO,01-01-23,janv-23,7,0
Canada,CAN,AMRO,01-02-23,Feb 2023,11,0
Canada,CAN,AMRO,01-03-23,mars-23,5,0
Canada,CAN,AMRO,01-04-23,Apr 2023,7,0
Canada,CAN,AMRO,01-05-23,May 2023,9,0
Canada,CAN,AMRO,01-06-23,Jun 2023,4,0
Canada,CAN,AMRO,01-07-23,Jul 2023,3,0
Canada,CAN,AMRO,01-08-23,Aug 2023,4,0
Canada,CAN,AMRO,01-09-23,sept-23,6,0
Canada,CAN,AMRO,01-10-23,oct-23,3,0
Canada,CAN,AMRO,01-11-23,nov-23,7,0
Canada,CAN,AMRO,01-12-23,Dec 2023,3,0
Canada,CAN,AMRO,01-01-24,janv-24,8,0
Canada,CAN,AMRO,01-02-24,Feb 2024,23,0
Canada,CAN,AMRO,01-03-24,mars-24,11,0
Canada,CAN,AMRO,01-04-24,Apr 2024,13,0
Canada,CAN,AMRO,01-05-24,May 2024,7,0
Central African Republic,CAF,AFRO,01-01-22,janv-22,1,0
Central African Republic,CAF,AFRO,01-02-22,Feb 2022,2,0
Central African Republic,CAF,AFRO,01-03-22,mars-22,1,0
Central African Republic,CAF,AFRO,01-04-22,Apr 2022,0,0
Central African Republic,CAF,AFRO,01-05-22,May 2022,0,0
Central African Republic,CAF,AFRO,01-06-22,Jun 2022,0,0
Central African Republic,CAF,AFRO,01-07-22,Jul 2022,3,0
Central African Republic,CAF,AFRO,01-08-22,Aug 2022,1,0
Central African Republic,CAF,AFRO,01-09-22,sept-22,2,0
Central African Republic,CAF,AFRO,01-10-22,oct-22,3,0
Central African Republic,CAF,AFRO,01-11-22,nov-22,0,0
Central African Republic,CAF,AFRO,01-12-22,Dec 2022,3,0
Central African Republic,CAF,AFRO,01-01-23,janv-23,6,0
Central African Republic,CAF,AFRO,01-02-23,Feb 2023,4,1
Central African Republic,CAF,AFRO,01-03-23,mars-23,4,0
Central African Republic,CAF,AFRO,01-04-23,Apr 2023,0,0
Central African Republic,CAF,AFRO,01-05-23,May 2023,0,0
Central African Republic,CAF,AFRO,01-06-23,Jun 2023,0,0
Central African Republic,CAF,AFRO,01-07-23,Jul 2023,0,0
Central African Republic,CAF,AFRO,01-08-23,Aug 2023,0,0
Central African Republic,CAF,AFRO,01-09-23,sept-23,0,0
Central African Republic,CAF,AFRO,01-10-23,oct-23,0,0
Central African Republic,CAF,AFRO,01-11-23,nov-23,0,0
Central African Republic,CAF,AFRO,01-12-23,Dec 2023,3,0
Central African Republic,CAF,AFRO,01-01-24,janv-24,5,0
Central African Republic,CAF,AFRO,01-02-24,Feb 2024,7,0
Central African Republic,CAF,AFRO,01-03-24,mars-24,6,0
Central African Republic,CAF,AFRO,01-04-24,Apr 2024,1,0
Central African Republic,CAF,AFRO,01-05-24,May 2024,0,0
Chile,CHL,AMRO,01-06-22,Jun 2022,6,0
Chile,CHL,AMRO,01-07-22,Jul 2022,49,0
Chile,CHL,AMRO,01-08-22,Aug 2022,326,0
Chile,CHL,AMRO,01-09-22,sept-22,499,0
Chile,CHL,AMRO,01-10-22,oct-22,269,0
Chile,CHL,AMRO,01-11-22,nov-22,163,2
Chile,CHL,AMRO,01-12-22,Dec 2022,65,0
Chile,CHL,AMRO,01-01-23,janv-23,40,0
Chile,CHL,AMRO,01-02-23,Feb 2023,15,0
Chile,CHL,AMRO,01-03-23,mars-23,7,0
Chile,CHL,AMRO,01-04-23,Apr 2023,1,0
Chile,CHL,AMRO,01-05-23,May 2023,1,0
Chile,CHL,AMRO,01-06-23,Jun 2023,0,0
Chile,CHL,AMRO,01-07-23,Jul 2023,1,1
Chile,CHL,AMRO,01-08-23,Aug 2023,0,0
Chile,CHL,AMRO,01-09-23,sept-23,0,0
Chile,CHL,AMRO,01-10-23,oct-23,3,0
Chile,CHL,AMRO,01-11-23,nov-23,2,0
Chile,CHL,AMRO,01-12-23,Dec 2023,2,0
Chile,CHL,AMRO,01-01-24,janv-24,0,0
Chile,CHL,AMRO,01-02-24,Feb 2024,0,0
Chile,CHL,AMRO,01-03-24,mars-24,0,0
Chile,CHL,AMRO,01-04-24,Apr 2024,0,0
Chile,CHL,AMRO,01-05-24,May 2024,0,0
China,CHN,WPRO,01-06-22,Jun 2022,1,0
China,CHN,WPRO,01-07-22,Jul 2022,1,0
China,CHN,WPRO,01-08-22,Aug 2022,1,0
China,CHN,WPRO,01-09-22,sept-22,2,0
China,CHN,WPRO,01-10-22,oct-22,1,0
China,CHN,WPRO,01-02-23,Feb 2023,2,0
China,CHN,WPRO,01-03-23,mars-23,16,0
China,CHN,WPRO,01-04-23,Apr 2023,31,0
China,CHN,WPRO,01-05-23,May 2023,81,0
China,CHN,WPRO,01-06-23,Jun 2023,161,0
China,CHN,WPRO,01-07-23,Jul 2023,576,0
China,CHN,WPRO,01-08-23,Aug 2023,556,0
China,CHN,WPRO,01-09-23,sept-23,365,0
China,CHN,WPRO,01-10-23,oct-23,141,0
China,CHN,WPRO,01-11-23,nov-23,89,1
China,CHN,WPRO,01-12-23,Dec 2023,103,0
China,CHN,WPRO,01-01-24,janv-24,100,0
China,CHN,WPRO,01-02-24,Feb 2024,73,0
China,CHN,WPRO,01-03-24,mars-24,54,0
China,CHN,WPRO,01-04-24,Apr 2024,42,0
China,CHN,WPRO,01-05-24,May 2024,7,0
Colombia,COL,AMRO,01-05-22,May 2022,2,0
Colombia,COL,AMRO,01-06-22,Jun 2022,4,0
Colombia,COL,AMRO,01-07-22,Jul 2022,57,0
Colombia,COL,AMRO,01-08-22,Aug 2022,1476,0
Colombia,COL,AMRO,01-09-22,sept-22,1526,0
Colombia,COL,AMRO,01-10-22,oct-22,674,0
Colombia,COL,AMRO,01-11-22,nov-22,263,0
Colombia,COL,AMRO,01-12-22,Dec 2022,57,0
Colombia,COL,AMRO,01-01-23,janv-23,21,0
Colombia,COL,AMRO,01-02-23,Feb 2023,8,0
Colombia,COL,AMRO,01-03-23,mars-23,1,0
Colombia,COL,AMRO,01-04-23,Apr 2023,0,0
Colombia,COL,AMRO,01-05-23,May 2023,2,0
Colombia,COL,AMRO,01-06-23,Jun 2023,0,0
Colombia,COL,AMRO,01-07-23,Jul 2023,1,0
Colombia,COL,AMRO,01-08-23,Aug 2023,5,0
Colombia,COL,AMRO,01-09-23,sept-23,2,0
Colombia,COL,AMRO,01-10-23,oct-23,15,0
Colombia,COL,AMRO,01-11-23,nov-23,10,0
Colombia,COL,AMRO,01-12-23,Dec 2023,24,0
Colombia,COL,AMRO,01-01-24,janv-24,40,0
Colombia,COL,AMRO,01-02-24,Feb 2024,15,0
Colombia,COL,AMRO,01-03-24,mars-24,12,0
Colombia,COL,AMRO,01-04-24,Apr 2024,23,0
Colombia,COL,AMRO,01-05-24,May 2024,0,0
Congo,COG,AFRO,01-04-22,Apr 2022,2,0
Congo,COG,AFRO,01-05-22,May 2022,0,0
Congo,COG,AFRO,01-06-22,Jun 2022,0,0
Congo,COG,AFRO,01-07-22,Jul 2022,0,0
Congo,COG,AFRO,01-08-22,Aug 2022,1,0
Congo,COG,AFRO,01-09-22,sept-22,2,0
Congo,COG,AFRO,01-10-22,oct-22,0,0
Congo,COG,AFRO,01-11-22,nov-22,0,0
Congo,COG,AFRO,01-12-22,Dec 2022,0,0
Congo,COG,AFRO,01-01-23,janv-23,0,0
Congo,COG,AFRO,01-02-23,Feb 2023,0,0
Congo,COG,AFRO,01-03-23,mars-23,0,0
Congo,COG,AFRO,01-04-23,Apr 2023,0,0
Congo,COG,AFRO,01-05-23,May 2023,0,0
Congo,COG,AFRO,01-06-23,Jun 2023,0,0
Congo,COG,AFRO,01-07-23,Jul 2023,0,0
Congo,COG,AFRO,01-08-23,Aug 2023,7,0
Congo,COG,AFRO,01-09-23,sept-23,6,0
Congo,COG,AFRO,01-10-23,oct-23,7,2
Congo,COG,AFRO,01-11-23,nov-23,1,0
Congo,COG,AFRO,01-12-23,Dec 2023,0,0
Congo,COG,AFRO,01-01-24,janv-24,4,0
Congo,COG,AFRO,01-02-24,Feb 2024,9,0
Congo,COG,AFRO,01-03-24,mars-24,15,0
Congo,COG,AFRO,01-04-24,Apr 2024,1,0
Congo,COG,AFRO,01-05-24,May 2024,0,0
Costa Rica,CRI,AMRO,01-07-22,Jul 2022,3,0
Costa Rica,CRI,AMRO,01-08-22,Aug 2022,0,0
Costa Rica,CRI,AMRO,01-09-22,sept-22,1,0
Costa Rica,CRI,AMRO,01-10-22,oct-22,4,0
Costa Rica,CRI,AMRO,01-11-22,nov-22,16,0
Costa Rica,CRI,AMRO,01-12-22,Dec 2022,46,0
Costa Rica,CRI,AMRO,01-01-23,janv-23,70,0
Costa Rica,CRI,AMRO,01-02-23,Feb 2023,62,0
Costa Rica,CRI,AMRO,01-03-23,mars-23,15,0
Costa Rica,CRI,AMRO,01-04-23,Apr 2023,4,0
Costa Rica,CRI,AMRO,01-05-23,May 2023,2,0
Costa Rica,CRI,AMRO,01-06-23,Jun 2023,2,0
Costa Rica,CRI,AMRO,01-07-23,Jul 2023,0,0
Costa Rica,CRI,AMRO,01-08-23,Aug 2023,0,0
Costa Rica,CRI,AMRO,01-09-23,sept-23,0,0
Costa Rica,CRI,AMRO,01-10-23,oct-23,0,0
Costa Rica,CRI,AMRO,01-11-23,nov-23,0,0
Costa Rica,CRI,AMRO,01-12-23,Dec 2023,0,0
Costa Rica,CRI,AMRO,01-01-24,janv-24,0,0
Costa Rica,CRI,AMRO,01-02-24,Feb 2024,0,0
Costa Rica,CRI,AMRO,01-03-24,mars-24,0,0
Costa Rica,CRI,AMRO,01-04-24,Apr 2024,0,0
Costa Rica,CRI,AMRO,01-05-24,May 2024,0,0
Croatia,HRV,EURO,01-06-22,Jun 2022,1,0
Croatia,HRV,EURO,01-07-22,Jul 2022,10,0
Croatia,HRV,EURO,01-08-22,Aug 2022,15,0
Croatia,HRV,EURO,01-09-22,sept-22,3,0
Croatia,HRV,EURO,01-10-22,oct-22,0,0
Croatia,HRV,EURO,01-11-22,nov-22,0,0
Croatia,HRV,EURO,01-12-22,Dec 2022,0,0
Croatia,HRV,EURO,01-01-23,janv-23,4,0
Croatia,HRV,EURO,01-02-23,Feb 2023,0,0
Croatia,HRV,EURO,01-03-23,mars-23,0,0
Croatia,HRV,EURO,01-04-23,Apr 2023,0,0
Croatia,HRV,EURO,01-05-23,May 2023,0,0
Croatia,HRV,EURO,01-06-23,Jun 2023,0,0
Croatia,HRV,EURO,01-07-23,Jul 2023,0,0
Croatia,HRV,EURO,01-08-23,Aug 2023,0,0
Croatia,HRV,EURO,01-09-23,sept-23,0,0
Croatia,HRV,EURO,01-10-23,oct-23,0,0
Croatia,HRV,EURO,01-11-23,nov-23,0,0
Croatia,HRV,EURO,01-12-23,Dec 2023,0,0
Croatia,HRV,EURO,01-01-24,janv-24,0,0
Croatia,HRV,EURO,01-02-24,Feb 2024,0,0
Croatia,HRV,EURO,01-03-24,mars-24,0,0
Croatia,HRV,EURO,01-04-24,Apr 2024,1,0
Croatia,HRV,EURO,01-05-24,May 2024,0,0
Cuba,CUB,AMRO,01-08-22,Aug 2022,2,1
Cuba,CUB,AMRO,01-09-22,sept-22,1,0
Cuba,CUB,AMRO,01-10-22,oct-22,1,0
Cuba,CUB,AMRO,01-11-22,nov-22,4,0
Cuba,CUB,AMRO,01-12-22,Dec 2022,0,0
Cuba,CUB,AMRO,01-01-23,janv-23,0,0
Cuba,CUB,AMRO,01-02-23,Feb 2023,0,0
Cuba,CUB,AMRO,01-03-23,mars-23,0,0
Cuba,CUB,AMRO,01-04-23,Apr 2023,0,0
Cuba,CUB,AMRO,01-05-23,May 2023,0,0
Cuba,CUB,AMRO,01-06-23,Jun 2023,0,0
Cuba,CUB,AMRO,01-07-23,Jul 2023,0,0
Cuba,CUB,AMRO,01-08-23,Aug 2023,0,0
Cuba,CUB,AMRO,01-09-23,sept-23,0,0
Cuba,CUB,AMRO,01-10-23,oct-23,0,0
Cuba,CUB,AMRO,01-11-23,nov-23,0,0
Cuba,CUB,AMRO,01-12-23,Dec 2023,0,0
Cuba,CUB,AMRO,01-01-24,janv-24,0,0
Cuba,CUB,AMRO,01-02-24,Feb 2024,0,0
Cuba,CUB,AMRO,01-03-24,mars-24,0,0
Cuba,CUB,AMRO,01-04-24,Apr 2024,0,0
Cuba,CUB,AMRO,01-05-24,May 2024,0,0
Curaï¿½ï,CUW,AMRO,01-08-22,Aug 2022,1,0
Curaï¿½ï,CUW,AMRO,01-09-22,sept-22,2,0
Curaï¿½ï,CUW,AMRO,01-10-22,oct-22,0,0
Curaï¿½ï,CUW,AMRO,01-11-22,nov-22,0,0
Curaï¿½ï,CUW,AMRO,01-12-22,Dec 2022,0,0
Curaï¿½ï,CUW,AMRO,01-01-23,janv-23,0,0
Curaï¿½ï,CUW,AMRO,01-02-23,Feb 2023,0,0
Curaï¿½ï,CUW,AMRO,01-03-23,mars-23,0,0
Curaï¿½ï,CUW,AMRO,01-04-23,Apr 2023,0,0
Curaï¿½ï,CUW,AMRO,01-05-23,May 2023,0,0
Curaï¿½ï,CUW,AMRO,01-06-23,Jun 2023,0,0
Curaï¿½ï,CUW,AMRO,01-07-23,Jul 2023,0,0
Curaï¿½ï,CUW,AMRO,01-08-23,Aug 2023,0,0
Curaï¿½ï,CUW,AMRO,01-09-23,sept-23,0,0
Curaï¿½ï,CUW,AMRO,01-10-23,oct-23,0,0
Curaï¿½ï,CUW,AMRO,01-11-23,nov-23,0,0
Curaï¿½ï,CUW,AMRO,01-12-23,Dec 2023,0,0
Curaï¿½ï,CUW,AMRO,01-01-24,janv-24,0,0
Curaï¿½ï,CUW,AMRO,01-02-24,Feb 2024,0,0
Curaï¿½ï,CUW,AMRO,01-03-24,mars-24,0,0
Curaï¿½ï,CUW,AMRO,01-04-24,Apr 2024,0,0
Curaï¿½ï,CUW,AMRO,01-05-24,May 2024,0,0
Cyprus,CYP,EURO,01-08-22,Aug 2022,5,0
Cyprus,CYP,EURO,01-09-22,sept-22,0,0
Cyprus,CYP,EURO,01-10-22,oct-22,0,0
Cyprus,CYP,EURO,01-11-22,nov-22,0,0
Cyprus,CYP,EURO,01-12-22,Dec 2022,0,0
Cyprus,CYP,EURO,01-01-23,janv-23,0,0
Cyprus,CYP,EURO,01-02-23,Feb 2023,0,0
Cyprus,CYP,EURO,01-03-23,mars-23,0,0
Cyprus,CYP,EURO,01-04-23,Apr 2023,0,0
Cyprus,CYP,EURO,01-05-23,May 2023,0,0
Cyprus,CYP,EURO,01-06-23,Jun 2023,0,0
Cyprus,CYP,EURO,01-07-23,Jul 2023,0,0
Cyprus,CYP,EURO,01-08-23,Aug 2023,0,0
Cyprus,CYP,EURO,01-09-23,sept-23,0,0
Cyprus,CYP,EURO,01-10-23,oct-23,0,0
Cyprus,CYP,EURO,01-11-23,nov-23,0,0
Cyprus,CYP,EURO,01-12-23,Dec 2023,0,0
Cyprus,CYP,EURO,01-01-24,janv-24,0,0
Cyprus,CYP,EURO,01-02-24,Feb 2024,0,0
Cyprus,CYP,EURO,01-03-24,mars-24,0,0
Cyprus,CYP,EURO,01-04-24,Apr 2024,0,0
Cyprus,CYP,EURO,01-05-24,May 2024,0,0
Czechia,CZE,EURO,01-05-22,May 2022,5,0
Czechia,CZE,EURO,01-06-22,Jun 2022,3,0
Czechia,CZE,EURO,01-07-22,Jul 2022,8,0
Czechia,CZE,EURO,01-08-22,Aug 2022,32,0
Czechia,CZE,EURO,01-09-22,sept-22,19,1
Czechia,CZE,EURO,01-10-22,oct-22,3,0
Czechia,CZE,EURO,01-11-22,nov-22,0,0
Czechia,CZE,EURO,01-12-22,Dec 2022,1,0
Czechia,CZE,EURO,01-01-23,janv-23,0,0
Czechia,CZE,EURO,01-02-23,Feb 2023,0,0
Czechia,CZE,EURO,01-03-23,mars-23,0,0
Czechia,CZE,EURO,01-04-23,Apr 2023,0,0
Czechia,CZE,EURO,01-05-23,May 2023,0,0
Czechia,CZE,EURO,01-06-23,Jun 2023,0,0
Czechia,CZE,EURO,01-07-23,Jul 2023,0,0
Czechia,CZE,EURO,01-08-23,Aug 2023,0,0
Czechia,CZE,EURO,01-09-23,sept-23,0,0
Czechia,CZE,EURO,01-10-23,oct-23,0,0
Czechia,CZE,EURO,01-11-23,nov-23,0,0
Czechia,CZE,EURO,01-12-23,Dec 2023,0,0
Czechia,CZE,EURO,01-01-24,janv-24,1,0
Czechia,CZE,EURO,01-02-24,Feb 2024,6,0
Czechia,CZE,EURO,01-03-24,mars-24,0,0
Czechia,CZE,EURO,01-04-24,Apr 2024,3,0
Czechia,CZE,EURO,01-05-24,May 2024,1,0
Democratic Republic of the Congo,COD,AFRO,01-05-22,May 2022,10,0
Democratic Republic of the Congo,COD,AFRO,01-06-22,Jun 2022,90,0
Democratic Republic of the Congo,COD,AFRO,01-07-22,Jul 2022,0,0
Democratic Republic of the Congo,COD,AFRO,01-08-22,Aug 2022,74,0
Democratic Republic of the Congo,COD,AFRO,01-09-22,sept-22,28,0
Democratic Republic of the Congo,COD,AFRO,01-10-22,oct-22,49,0
Democratic Republic of the Congo,COD,AFRO,01-11-22,nov-22,21,0
Democratic Republic of the Congo,COD,AFRO,01-12-22,Dec 2022,7,0
Democratic Republic of the Congo,COD,AFRO,01-01-23,janv-23,98,0
Democratic Republic of the Congo,COD,AFRO,01-02-23,Feb 2023,43,0
Democratic Republic of the Congo,COD,AFRO,01-03-23,mars-23,33,0
Democratic Republic of the Congo,COD,AFRO,01-04-23,Apr 2023,105,0
Democratic Republic of the Congo,COD,AFRO,01-05-23,May 2023,85,2
Democratic Republic of the Congo,COD,AFRO,01-06-23,Jun 2023,116,0
Democratic Republic of the Congo,COD,AFRO,01-07-23,Jul 2023,75,0
Democratic Republic of the Congo,COD,AFRO,01-08-23,Aug 2023,46,0
Democratic Republic of the Congo,COD,AFRO,01-09-23,sept-23,45,0
Democratic Republic of the Congo,COD,AFRO,01-10-23,oct-23,121,0
Democratic Republic of the Congo,COD,AFRO,01-11-23,nov-23,125,0
Democratic Republic of the Congo,COD,AFRO,01-12-23,Dec 2023,74,0
Democratic Republic of the Congo,COD,AFRO,01-01-24,janv-24,146,1
Democratic Republic of the Congo,COD,AFRO,01-02-24,Feb 2024,214,0
Democratic Republic of the Congo,COD,AFRO,01-03-24,mars-24,158,1
Democratic Republic of the Congo,COD,AFRO,01-04-24,Apr 2024,157,0
Democratic Republic of the Congo,COD,AFRO,01-05-24,May 2024,277,4
Denmark,DNK,EURO,01-05-22,May 2022,2,0
Denmark,DNK,EURO,01-06-22,Jun 2022,18,0
Denmark,DNK,EURO,01-07-22,Jul 2022,61,0
Denmark,DNK,EURO,01-08-22,Aug 2022,93,0
Denmark,DNK,EURO,01-09-22,sept-22,11,0
Denmark,DNK,EURO,01-10-22,oct-22,6,0
Denmark,DNK,EURO,01-11-22,nov-22,0,0
Denmark,DNK,EURO,01-12-22,Dec 2022,1,0
Denmark,DNK,EURO,01-01-23,janv-23,4,0
Denmark,DNK,EURO,01-02-23,Feb 2023,0,0
Denmark,DNK,EURO,01-03-23,mars-23,0,0
Denmark,DNK,EURO,01-04-23,Apr 2023,0,0
Denmark,DNK,EURO,01-05-23,May 2023,0,0
Denmark,DNK,EURO,01-06-23,Jun 2023,0,0
Denmark,DNK,EURO,01-07-23,Jul 2023,0,0
Denmark,DNK,EURO,01-08-23,Aug 2023,0,0
Denmark,DNK,EURO,01-09-23,sept-23,2,0
Denmark,DNK,EURO,01-10-23,oct-23,0,0
Denmark,DNK,EURO,01-11-23,nov-23,0,0
Denmark,DNK,EURO,01-12-23,Dec 2023,0,0
Denmark,DNK,EURO,01-01-24,janv-24,0,0
Denmark,DNK,EURO,01-02-24,Feb 2024,0,0
Denmark,DNK,EURO,01-03-24,mars-24,0,0
Denmark,DNK,EURO,01-04-24,Apr 2024,0,0
Denmark,DNK,EURO,01-05-24,May 2024,0,0
Dominican Republic,DOM,AMRO,01-07-22,Jul 2022,3,0
Dominican Republic,DOM,AMRO,01-08-22,Aug 2022,4,0
Dominican Republic,DOM,AMRO,01-09-22,sept-22,24,0
Dominican Republic,DOM,AMRO,01-10-22,oct-22,21,0
Dominican Republic,DOM,AMRO,01-11-22,nov-22,0,0
Dominican Republic,DOM,AMRO,01-12-22,Dec 2022,0,0
Dominican Republic,DOM,AMRO,01-01-23,janv-23,0,0
Dominican Republic,DOM,AMRO,01-02-23,Feb 2023,0,0
Dominican Republic,DOM,AMRO,01-03-23,mars-23,0,0
Dominican Republic,DOM,AMRO,01-04-23,Apr 2023,0,0
Dominican Republic,DOM,AMRO,01-05-23,May 2023,0,0
Dominican Republic,DOM,AMRO,01-06-23,Jun 2023,0,0
Dominican Republic,DOM,AMRO,01-07-23,Jul 2023,0,0
Dominican Republic,DOM,AMRO,01-08-23,Aug 2023,0,0
Dominican Republic,DOM,AMRO,01-09-23,sept-23,0,0
Dominican Republic,DOM,AMRO,01-10-23,oct-23,0,0
Dominican Republic,DOM,AMRO,01-11-23,nov-23,0,0
Dominican Republic,DOM,AMRO,01-12-23,Dec 2023,0,0
Dominican Republic,DOM,AMRO,01-01-24,janv-24,0,0
Dominican Republic,DOM,AMRO,01-02-24,Feb 2024,0,0
Dominican Republic,DOM,AMRO,01-03-24,mars-24,0,0
Dominican Republic,DOM,AMRO,01-04-24,Apr 2024,0,0
Dominican Republic,DOM,AMRO,01-05-24,May 2024,0,0
Ecuador,ECU,AMRO,01-07-22,Jul 2022,3,0
Ecuador,ECU,AMRO,01-08-22,Aug 2022,50,0
Ecuador,ECU,AMRO,01-09-22,sept-22,67,0
Ecuador,ECU,AMRO,01-10-22,oct-22,123,0
Ecuador,ECU,AMRO,01-11-22,nov-22,103,0
Ecuador,ECU,AMRO,01-12-22,Dec 2022,95,2
Ecuador,ECU,AMRO,01-01-23,janv-23,42,0
Ecuador,ECU,AMRO,01-02-23,Feb 2023,29,1
Ecuador,ECU,AMRO,01-03-23,mars-23,18,0
Ecuador,ECU,AMRO,01-04-23,Apr 2023,3,0
Ecuador,ECU,AMRO,01-05-23,May 2023,0,0
Ecuador,ECU,AMRO,01-06-23,Jun 2023,0,0
Ecuador,ECU,AMRO,01-07-23,Jul 2023,24,0
Ecuador,ECU,AMRO,01-08-23,Aug 2023,0,0
Ecuador,ECU,AMRO,01-09-23,sept-23,0,0
Ecuador,ECU,AMRO,01-10-23,oct-23,0,0
Ecuador,ECU,AMRO,01-11-23,nov-23,0,0
Ecuador,ECU,AMRO,01-12-23,Dec 2023,0,0
Ecuador,ECU,AMRO,01-01-24,janv-24,0,0
Ecuador,ECU,AMRO,01-02-24,Feb 2024,0,0
Ecuador,ECU,AMRO,01-03-24,mars-24,0,0
Ecuador,ECU,AMRO,01-04-24,Apr 2024,0,0
Ecuador,ECU,AMRO,01-05-24,May 2024,0,0
Egypt,EGY,EMRO,01-09-22,sept-22,1,0
Egypt,EGY,EMRO,01-12-22,Dec 2022,2,0
El Salvador,SLV,AMRO,01-08-22,Aug 2022,1,0
El Salvador,SLV,AMRO,01-09-22,sept-22,6,0
El Salvador,SLV,AMRO,01-10-22,oct-22,6,0
El Salvador,SLV,AMRO,01-11-22,nov-22,8,0
El Salvador,SLV,AMRO,01-12-22,Dec 2022,48,0
El Salvador,SLV,AMRO,01-01-23,janv-23,19,0
El Salvador,SLV,AMRO,01-02-23,Feb 2023,10,0
El Salvador,SLV,AMRO,01-03-23,mars-23,0,0
El Salvador,SLV,AMRO,01-04-23,Apr 2023,6,0
El Salvador,SLV,AMRO,01-05-23,May 2023,0,0
El Salvador,SLV,AMRO,01-06-23,Jun 2023,0,0
El Salvador,SLV,AMRO,01-07-23,Jul 2023,0,0
El Salvador,SLV,AMRO,01-08-23,Aug 2023,0,0
El Salvador,SLV,AMRO,01-09-23,sept-23,0,0
El Salvador,SLV,AMRO,01-10-23,oct-23,0,0
El Salvador,SLV,AMRO,01-11-23,nov-23,0,0
El Salvador,SLV,AMRO,01-12-23,Dec 2023,0,0
El Salvador,SLV,AMRO,01-01-24,janv-24,0,0
El Salvador,SLV,AMRO,01-02-24,Feb 2024,0,0
El Salvador,SLV,AMRO,01-03-24,mars-24,0,0
El Salvador,SLV,AMRO,01-04-24,Apr 2024,0,0
El Salvador,SLV,AMRO,01-05-24,May 2024,0,0
Estonia,EST,EURO,01-06-22,Jun 2022,1,0
Estonia,EST,EURO,01-07-22,Jul 2022,4,0
Estonia,EST,EURO,01-08-22,Aug 2022,5,0
Estonia,EST,EURO,01-09-22,sept-22,1,0
Estonia,EST,EURO,01-10-22,oct-22,0,0
Estonia,EST,EURO,01-11-22,nov-22,0,0
Estonia,EST,EURO,01-12-22,Dec 2022,0,0
Estonia,EST,EURO,01-01-23,janv-23,0,0
Estonia,EST,EURO,01-02-23,Feb 2023,0,0
Estonia,EST,EURO,01-03-23,mars-23,0,0
Estonia,EST,EURO,01-04-23,Apr 2023,0,0
Estonia,EST,EURO,01-05-23,May 2023,0,0
Estonia,EST,EURO,01-06-23,Jun 2023,0,0
Estonia,EST,EURO,01-07-23,Jul 2023,0,0
Estonia,EST,EURO,01-08-23,Aug 2023,0,0
Estonia,EST,EURO,01-09-23,sept-23,0,0
Estonia,EST,EURO,01-10-23,oct-23,0,0
Estonia,EST,EURO,01-11-23,nov-23,0,0
Estonia,EST,EURO,01-12-23,Dec 2023,0,0
Estonia,EST,EURO,01-01-24,janv-24,0,0
Estonia,EST,EURO,01-02-24,Feb 2024,0,0
Estonia,EST,EURO,01-03-24,mars-24,0,0
Estonia,EST,EURO,01-04-24,Apr 2024,0,0
Estonia,EST,EURO,01-05-24,May 2024,0,0
Finland,FIN,EURO,01-05-22,May 2022,1,0
Finland,FIN,EURO,01-06-22,Jun 2022,3,0
Finland,FIN,EURO,01-07-22,Jul 2022,13,0
Finland,FIN,EURO,01-08-22,Aug 2022,5,0
Finland,FIN,EURO,01-09-22,sept-22,18,0
Finland,FIN,EURO,01-10-22,oct-22,1,0
Finland,FIN,EURO,01-11-22,nov-22,1,0
Finland,FIN,EURO,01-12-22,Dec 2022,0,0
Finland,FIN,EURO,01-01-23,janv-23,0,0
Finland,FIN,EURO,01-02-23,Feb 2023,0,0
Finland,FIN,EURO,01-03-23,mars-23,0,0
Finland,FIN,EURO,01-04-23,Apr 2023,0,0
Finland,FIN,EURO,01-05-23,May 2023,0,0
Finland,FIN,EURO,01-06-23,Jun 2023,0,0
Finland,FIN,EURO,01-07-23,Jul 2023,0,0
Finland,FIN,EURO,01-08-23,Aug 2023,0,0
Finland,FIN,EURO,01-09-23,sept-23,0,0
Finland,FIN,EURO,01-10-23,oct-23,1,0
Finland,FIN,EURO,01-11-23,nov-23,0,0
Finland,FIN,EURO,01-12-23,Dec 2023,0,0
Finland,FIN,EURO,01-01-24,janv-24,-1,0
Finland,FIN,EURO,01-02-24,Feb 2024,1,0
Finland,FIN,EURO,01-03-24,mars-24,0,0
Finland,FIN,EURO,01-04-24,Apr 2024,0,0
Finland,FIN,EURO,01-05-24,May 2024,0,0
France,FRA,EURO,01-05-22,May 2022,17,0
France,FRA,EURO,01-06-22,Jun 2022,481,0
France,FRA,EURO,01-07-22,Jul 2022,1339,0
France,FRA,EURO,01-08-22,Aug 2022,1710,0
France,FRA,EURO,01-09-22,sept-22,452,0
France,FRA,EURO,01-10-22,oct-22,95,0
France,FRA,EURO,01-11-22,nov-22,13,0
France,FRA,EURO,01-12-22,Dec 2022,7,0
France,FRA,EURO,01-01-23,janv-23,14,0
France,FRA,EURO,01-02-23,Feb 2023,0,0
France,FRA,EURO,01-03-23,mars-23,0,0
France,FRA,EURO,01-04-23,Apr 2023,16,0
France,FRA,EURO,01-05-23,May 2023,2,0
France,FRA,EURO,01-06-23,Jun 2023,0,0
France,FRA,EURO,01-07-23,Jul 2023,1,0
France,FRA,EURO,01-08-23,Aug 2023,3,0
France,FRA,EURO,01-09-23,sept-23,8,0
France,FRA,EURO,01-10-23,oct-23,3,0
France,FRA,EURO,01-11-23,nov-23,3,0
France,FRA,EURO,01-12-23,Dec 2023,7,0
France,FRA,EURO,01-01-24,janv-24,8,0
France,FRA,EURO,01-02-24,Feb 2024,16,0
France,FRA,EURO,01-03-24,mars-24,11,0
France,FRA,EURO,01-04-24,Apr 2024,12,0
France,FRA,EURO,01-05-24,May 2024,31,0
Georgia,GEO,EURO,01-06-22,Jun 2022,1,0
Georgia,GEO,EURO,01-07-22,Jul 2022,0,0
Georgia,GEO,EURO,01-08-22,Aug 2022,1,0
Georgia,GEO,EURO,01-09-22,sept-22,0,0
Georgia,GEO,EURO,01-10-22,oct-22,0,0
Georgia,GEO,EURO,01-11-22,nov-22,0,0
Georgia,GEO,EURO,01-12-22,Dec 2022,0,0
Georgia,GEO,EURO,01-01-23,janv-23,0,0
Georgia,GEO,EURO,01-02-23,Feb 2023,0,0
Georgia,GEO,EURO,01-03-23,mars-23,0,0
Georgia,GEO,EURO,01-04-23,Apr 2023,0,0
Georgia,GEO,EURO,01-05-23,May 2023,0,0
Georgia,GEO,EURO,01-06-23,Jun 2023,0,0
Georgia,GEO,EURO,01-07-23,Jul 2023,0,0
Georgia,GEO,EURO,01-08-23,Aug 2023,0,0
Georgia,GEO,EURO,01-09-23,sept-23,0,0
Georgia,GEO,EURO,01-10-23,oct-23,0,0
Georgia,GEO,EURO,01-11-23,nov-23,0,0
Georgia,GEO,EURO,01-12-23,Dec 2023,0,0
Georgia,GEO,EURO,01-01-24,janv-24,0,0
Georgia,GEO,EURO,01-02-24,Feb 2024,0,0
Georgia,GEO,EURO,01-03-24,mars-24,0,0
Georgia,GEO,EURO,01-04-24,Apr 2024,0,0
Georgia,GEO,EURO,01-05-24,May 2024,0,0
Germany,DEU,EURO,01-05-22,May 2022,33,0
Germany,DEU,EURO,01-06-22,Jun 2022,936,0
Germany,DEU,EURO,01-07-22,Jul 2022,1626,0
Germany,DEU,EURO,01-08-22,Aug 2022,872,0
Germany,DEU,EURO,01-09-22,sept-22,158,0
Germany,DEU,EURO,01-10-22,oct-22,37,0
Germany,DEU,EURO,01-11-22,nov-22,9,0
Germany,DEU,EURO,01-12-22,Dec 2022,5,0
Germany,DEU,EURO,01-01-23,janv-23,16,0
Germany,DEU,EURO,01-02-23,Feb 2023,0,0
Germany,DEU,EURO,01-03-23,mars-23,0,0
Germany,DEU,EURO,01-04-23,Apr 2023,0,0
Germany,DEU,EURO,01-05-23,May 2023,-1,0
Germany,DEU,EURO,01-06-23,Jun 2023,0,0
Germany,DEU,EURO,01-07-23,Jul 2023,0,0
Germany,DEU,EURO,01-08-23,Aug 2023,3,0
Germany,DEU,EURO,01-09-23,sept-23,14,0
Germany,DEU,EURO,01-10-23,oct-23,49,0
Germany,DEU,EURO,01-11-23,nov-23,22,0
Germany,DEU,EURO,01-12-23,Dec 2023,21,0
Germany,DEU,EURO,01-01-24,janv-24,7,0
Germany,DEU,EURO,01-02-24,Feb 2024,9,0
Germany,DEU,EURO,01-03-24,mars-24,14,0
Germany,DEU,EURO,01-04-24,Apr 2024,11,0
Germany,DEU,EURO,01-05-24,May 2024,6,0
Ghana,GHA,AFRO,01-02-22,Feb 2022,1,0
Ghana,GHA,AFRO,01-03-22,mars-22,1,0
Ghana,GHA,AFRO,01-04-22,Apr 2022,0,0
Ghana,GHA,AFRO,01-05-22,May 2022,0,0
Ghana,GHA,AFRO,01-06-22,Jun 2022,21,0
Ghana,GHA,AFRO,01-07-22,Jul 2022,28,1
Ghana,GHA,AFRO,01-08-22,Aug 2022,34,3
Ghana,GHA,AFRO,01-09-22,sept-22,19,0
Ghana,GHA,AFRO,01-10-22,oct-22,3,0
Ghana,GHA,AFRO,01-11-22,nov-22,3,0
Ghana,GHA,AFRO,01-12-22,Dec 2022,11,0
Ghana,GHA,AFRO,01-01-23,janv-23,2,0
Ghana,GHA,AFRO,01-02-23,Feb 2023,0,0
Ghana,GHA,AFRO,01-03-23,mars-23,1,0
Ghana,GHA,AFRO,01-04-23,Apr 2023,1,0
Ghana,GHA,AFRO,01-05-23,May 2023,2,0
Ghana,GHA,AFRO,01-06-23,Jun 2023,0,0
Ghana,GHA,AFRO,01-07-23,Jul 2023,0,0
Ghana,GHA,AFRO,01-08-23,Aug 2023,0,0
Ghana,GHA,AFRO,01-09-23,sept-23,0,0
Ghana,GHA,AFRO,01-10-23,oct-23,0,0
Ghana,GHA,AFRO,01-11-23,nov-23,2,0
Ghana,GHA,AFRO,01-12-23,Dec 2023,2,0
Ghana,GHA,AFRO,01-01-24,janv-24,0,0
Ghana,GHA,AFRO,01-02-24,Feb 2024,0,0
Ghana,GHA,AFRO,01-03-24,mars-24,0,0
Ghana,GHA,AFRO,01-04-24,Apr 2024,0,0
Gibraltar,GIB,EURO,01-06-22,Jun 2022,1,0
Gibraltar,GIB,EURO,01-07-22,Jul 2022,4,0
Gibraltar,GIB,EURO,01-08-22,Aug 2022,1,0
Gibraltar,GIB,EURO,01-09-22,sept-22,0,0
Gibraltar,GIB,EURO,01-10-22,oct-22,0,0
Gibraltar,GIB,EURO,01-11-22,nov-22,0,0
Gibraltar,GIB,EURO,01-12-22,Dec 2022,0,0
Gibraltar,GIB,EURO,01-01-23,janv-23,0,0
Gibraltar,GIB,EURO,01-02-23,Feb 2023,0,0
Gibraltar,GIB,EURO,01-03-23,mars-23,0,0
Gibraltar,GIB,EURO,01-04-23,Apr 2023,0,0
Gibraltar,GIB,EURO,01-05-23,May 2023,0,0
Gibraltar,GIB,EURO,01-06-23,Jun 2023,0,0
Gibraltar,GIB,EURO,01-07-23,Jul 2023,0,0
Gibraltar,GIB,EURO,01-08-23,Aug 2023,0,0
Gibraltar,GIB,EURO,01-09-23,sept-23,0,0
Gibraltar,GIB,EURO,01-10-23,oct-23,0,0
Gibraltar,GIB,EURO,01-11-23,nov-23,0,0
Gibraltar,GIB,EURO,01-12-23,Dec 2023,0,0
Gibraltar,GIB,EURO,01-01-24,janv-24,0,0
Gibraltar,GIB,EURO,01-02-24,Feb 2024,0,0
Gibraltar,GIB,EURO,01-03-24,mars-24,0,0
Gibraltar,GIB,EURO,01-04-24,Apr 2024,0,0
Gibraltar,GIB,EURO,01-05-24,May 2024,0,0
Greece,GRC,EURO,01-06-22,Jun 2022,3,0
Greece,GRC,EURO,01-07-22,Jul 2022,29,0
Greece,GRC,EURO,01-08-22,Aug 2022,24,0
Greece,GRC,EURO,01-09-22,sept-22,24,0
Greece,GRC,EURO,01-10-22,oct-22,4,0
Greece,GRC,EURO,01-11-22,nov-22,1,0
Greece,GRC,EURO,01-12-22,Dec 2022,0,0
Greece,GRC,EURO,01-01-23,janv-23,1,0
Greece,GRC,EURO,01-02-23,Feb 2023,0,0
Greece,GRC,EURO,01-03-23,mars-23,1,0
Greece,GRC,EURO,01-04-23,Apr 2023,0,0
Greece,GRC,EURO,01-05-23,May 2023,1,0
Greece,GRC,EURO,01-06-23,Jun 2023,0,0
Greece,GRC,EURO,01-07-23,Jul 2023,0,0
Greece,GRC,EURO,01-08-23,Aug 2023,0,0
Greece,GRC,EURO,01-09-23,sept-23,0,0
Greece,GRC,EURO,01-10-23,oct-23,0,0
Greece,GRC,EURO,01-11-23,nov-23,1,0
Greece,GRC,EURO,01-12-23,Dec 2023,0,0
Greece,GRC,EURO,01-01-24,janv-24,2,0
Greece,GRC,EURO,01-02-24,Feb 2024,0,0
Greece,GRC,EURO,01-03-24,mars-24,1,0
Greece,GRC,EURO,01-04-24,Apr 2024,6,0
Greece,GRC,EURO,01-05-24,May 2024,1,0
Greenland,GRL,EURO,01-08-22,Aug 2022,2,0
Greenland,GRL,EURO,01-09-22,sept-22,0,0
Greenland,GRL,EURO,01-10-22,oct-22,0,0
Greenland,GRL,EURO,01-11-22,nov-22,0,0
Greenland,GRL,EURO,01-12-22,Dec 2022,0,0
Greenland,GRL,EURO,01-01-23,janv-23,0,0
Greenland,GRL,EURO,01-02-23,Feb 2023,0,0
Greenland,GRL,EURO,01-03-23,mars-23,0,0
Greenland,GRL,EURO,01-04-23,Apr 2023,0,0
Greenland,GRL,EURO,01-05-23,May 2023,0,0
Greenland,GRL,EURO,01-06-23,Jun 2023,0,0
Greenland,GRL,EURO,01-07-23,Jul 2023,0,0
Greenland,GRL,EURO,01-08-23,Aug 2023,0,0
Greenland,GRL,EURO,01-09-23,sept-23,0,0
Greenland,GRL,EURO,01-10-23,oct-23,0,0
Greenland,GRL,EURO,01-11-23,nov-23,0,0
Greenland,GRL,EURO,01-12-23,Dec 2023,0,0
Greenland,GRL,EURO,01-01-24,janv-24,0,0
Greenland,GRL,EURO,01-02-24,Feb 2024,0,0
Greenland,GRL,EURO,01-03-24,mars-24,0,0
Greenland,GRL,EURO,01-04-24,Apr 2024,0,0
Greenland,GRL,EURO,01-05-24,May 2024,0,0
Guadeloupe,GLP,AMRO,01-08-22,Aug 2022,1,0
Guadeloupe,GLP,AMRO,01-09-22,sept-22,0,0
Guadeloupe,GLP,AMRO,01-10-22,oct-22,0,0
Guadeloupe,GLP,AMRO,01-11-22,nov-22,0,0
Guadeloupe,GLP,AMRO,01-12-22,Dec 2022,0,0
Guadeloupe,GLP,AMRO,01-01-23,janv-23,0,0
Guadeloupe,GLP,AMRO,01-02-23,Feb 2023,0,0
Guadeloupe,GLP,AMRO,01-03-23,mars-23,0,0
Guadeloupe,GLP,AMRO,01-04-23,Apr 2023,0,0
Guadeloupe,GLP,AMRO,01-05-23,May 2023,0,0
Guadeloupe,GLP,AMRO,01-06-23,Jun 2023,0,0
Guadeloupe,GLP,AMRO,01-07-23,Jul 2023,0,0
Guadeloupe,GLP,AMRO,01-08-23,Aug 2023,0,0
Guadeloupe,GLP,AMRO,01-09-23,sept-23,0,0
Guadeloupe,GLP,AMRO,01-10-23,oct-23,0,0
Guadeloupe,GLP,AMRO,01-11-23,nov-23,0,0
Guadeloupe,GLP,AMRO,01-12-23,Dec 2023,0,0
Guadeloupe,GLP,AMRO,01-01-24,janv-24,0,0
Guadeloupe,GLP,AMRO,01-02-24,Feb 2024,0,0
Guadeloupe,GLP,AMRO,01-03-24,mars-24,0,0
Guadeloupe,GLP,AMRO,01-04-24,Apr 2024,0,0
Guadeloupe,GLP,AMRO,01-05-24,May 2024,0,0
Guam,GUM,WPRO,01-09-22,sept-22,1,0
Guatemala,GTM,AMRO,01-08-22,Aug 2022,10,0
Guatemala,GTM,AMRO,01-09-22,sept-22,17,0
Guatemala,GTM,AMRO,01-10-22,oct-22,47,0
Guatemala,GTM,AMRO,01-11-22,nov-22,118,0
Guatemala,GTM,AMRO,01-12-22,Dec 2022,67,0
Guatemala,GTM,AMRO,01-01-23,janv-23,101,0
Guatemala,GTM,AMRO,01-02-23,Feb 2023,30,0
Guatemala,GTM,AMRO,01-03-23,mars-23,14,0
Guatemala,GTM,AMRO,01-04-23,Apr 2023,0,1
Guatemala,GTM,AMRO,01-05-23,May 2023,1,0
Guatemala,GTM,AMRO,01-06-23,Jun 2023,0,0
Guatemala,GTM,AMRO,01-07-23,Jul 2023,0,0
Guatemala,GTM,AMRO,01-08-23,Aug 2023,0,0
Guatemala,GTM,AMRO,01-09-23,sept-23,0,0
Guatemala,GTM,AMRO,01-10-23,oct-23,0,0
Guatemala,GTM,AMRO,01-11-23,nov-23,0,0
Guatemala,GTM,AMRO,01-12-23,Dec 2023,0,0
Guatemala,GTM,AMRO,01-01-24,janv-24,0,0
Guatemala,GTM,AMRO,01-02-24,Feb 2024,0,0
Guatemala,GTM,AMRO,01-03-24,mars-24,0,0
Guatemala,GTM,AMRO,01-04-24,Apr 2024,0,0
Guatemala,GTM,AMRO,01-05-24,May 2024,0,0
Guyana,GUY,AMRO,01-08-22,Aug 2022,2,0
Guyana,GUY,AMRO,01-09-22,sept-22,0,0
Guyana,GUY,AMRO,01-10-22,oct-22,0,0
Guyana,GUY,AMRO,01-11-22,nov-22,0,0
Guyana,GUY,AMRO,01-12-22,Dec 2022,0,0
Guyana,GUY,AMRO,01-01-23,janv-23,0,0
Guyana,GUY,AMRO,01-02-23,Feb 2023,0,0
Guyana,GUY,AMRO,01-03-23,mars-23,0,0
Guyana,GUY,AMRO,01-04-23,Apr 2023,0,0
Guyana,GUY,AMRO,01-05-23,May 2023,0,0
Guyana,GUY,AMRO,01-06-23,Jun 2023,0,0
Guyana,GUY,AMRO,01-07-23,Jul 2023,0,0
Guyana,GUY,AMRO,01-08-23,Aug 2023,0,0
Guyana,GUY,AMRO,01-09-23,sept-23,0,0
Guyana,GUY,AMRO,01-10-23,oct-23,0,0
Guyana,GUY,AMRO,01-11-23,nov-23,0,0
Guyana,GUY,AMRO,01-12-23,Dec 2023,0,0
Guyana,GUY,AMRO,01-01-24,janv-24,0,0
Guyana,GUY,AMRO,01-02-24,Feb 2024,0,0
Guyana,GUY,AMRO,01-03-24,mars-24,0,0
Guyana,GUY,AMRO,01-04-24,Apr 2024,0,0
Guyana,GUY,AMRO,01-05-24,May 2024,0,0
Honduras,HND,AMRO,01-08-22,Aug 2022,4,0
Honduras,HND,AMRO,01-09-22,sept-22,2,0
Honduras,HND,AMRO,01-10-22,oct-22,1,0
Honduras,HND,AMRO,01-11-22,nov-22,4,0
Honduras,HND,AMRO,01-12-22,Dec 2022,0,0
Honduras,HND,AMRO,01-01-23,janv-23,2,0
Honduras,HND,AMRO,01-02-23,Feb 2023,8,0
Honduras,HND,AMRO,01-03-23,mars-23,19,0
Honduras,HND,AMRO,01-04-23,Apr 2023,2,0
Honduras,HND,AMRO,01-05-23,May 2023,2,0
Honduras,HND,AMRO,01-06-23,Jun 2023,0,0
Honduras,HND,AMRO,01-07-23,Jul 2023,0,0
Honduras,HND,AMRO,01-08-23,Aug 2023,0,0
Honduras,HND,AMRO,01-09-23,sept-23,0,0
Honduras,HND,AMRO,01-10-23,oct-23,0,0
Honduras,HND,AMRO,01-11-23,nov-23,0,0
Honduras,HND,AMRO,01-12-23,Dec 2023,0,0
Honduras,HND,AMRO,01-01-24,janv-24,0,0
Honduras,HND,AMRO,01-02-24,Feb 2024,0,0
Honduras,HND,AMRO,01-03-24,mars-24,0,0
Honduras,HND,AMRO,01-04-24,Apr 2024,0,0
Honduras,HND,AMRO,01-05-24,May 2024,0,0
Hungary,HUN,EURO,01-05-22,May 2022,1,0
Hungary,HUN,EURO,01-06-22,Jun 2022,17,0
Hungary,HUN,EURO,01-07-22,Jul 2022,19,0
Hungary,HUN,EURO,01-08-22,Aug 2022,33,0
Hungary,HUN,EURO,01-09-22,sept-22,7,0
Hungary,HUN,EURO,01-10-22,oct-22,3,0
Hungary,HUN,EURO,01-11-22,nov-22,0,0
Hungary,HUN,EURO,01-12-22,Dec 2022,0,0
Hungary,HUN,EURO,01-01-23,janv-23,0,0
Hungary,HUN,EURO,01-02-23,Feb 2023,0,0
Hungary,HUN,EURO,01-03-23,mars-23,0,0
Hungary,HUN,EURO,01-04-23,Apr 2023,0,0
Hungary,HUN,EURO,01-05-23,May 2023,0,0
Hungary,HUN,EURO,01-06-23,Jun 2023,0,0
Hungary,HUN,EURO,01-07-23,Jul 2023,0,0
Hungary,HUN,EURO,01-08-23,Aug 2023,0,0
Hungary,HUN,EURO,01-09-23,sept-23,0,0
Hungary,HUN,EURO,01-10-23,oct-23,1,0
Hungary,HUN,EURO,01-11-23,nov-23,0,0
Hungary,HUN,EURO,01-12-23,Dec 2023,1,0
Hungary,HUN,EURO,01-01-24,janv-24,1,0
Hungary,HUN,EURO,01-02-24,Feb 2024,0,0
Hungary,HUN,EURO,01-03-24,mars-24,0,0
Hungary,HUN,EURO,01-04-24,Apr 2024,0,0
Hungary,HUN,EURO,01-05-24,May 2024,0,0
Iceland,ISL,EURO,01-06-22,Jun 2022,4,0
Iceland,ISL,EURO,01-07-22,Jul 2022,5,0
Iceland,ISL,EURO,01-08-22,Aug 2022,3,0
Iceland,ISL,EURO,01-09-22,sept-22,2,0
Iceland,ISL,EURO,01-10-22,oct-22,2,0
Iceland,ISL,EURO,01-11-22,nov-22,0,0
Iceland,ISL,EURO,01-12-22,Dec 2022,0,0
Iceland,ISL,EURO,01-01-23,janv-23,0,0
Iceland,ISL,EURO,01-02-23,Feb 2023,0,0
Iceland,ISL,EURO,01-03-23,mars-23,0,0
Iceland,ISL,EURO,01-04-23,Apr 2023,0,0
Iceland,ISL,EURO,01-05-23,May 2023,0,0
Iceland,ISL,EURO,01-06-23,Jun 2023,0,0
Iceland,ISL,EURO,01-07-23,Jul 2023,0,0
Iceland,ISL,EURO,01-08-23,Aug 2023,0,0
Iceland,ISL,EURO,01-09-23,sept-23,1,0
Iceland,ISL,EURO,01-10-23,oct-23,0,0
Iceland,ISL,EURO,01-11-23,nov-23,0,0
Iceland,ISL,EURO,01-12-23,Dec 2023,0,0
Iceland,ISL,EURO,01-01-24,janv-24,0,0
Iceland,ISL,EURO,01-02-24,Feb 2024,0,0
Iceland,ISL,EURO,01-03-24,mars-24,0,0
Iceland,ISL,EURO,01-04-24,Apr 2024,0,0
Iceland,ISL,EURO,01-05-24,May 2024,0,0
India,IND,SEARO,01-07-22,Jul 2022,4,0
India,IND,SEARO,01-08-22,Aug 2022,6,1
India,IND,SEARO,01-09-22,sept-22,2,0
India,IND,SEARO,01-10-22,oct-22,5,0
India,IND,SEARO,01-11-22,nov-22,0,0
India,IND,SEARO,01-12-22,Dec 2022,3,0
India,IND,SEARO,01-01-23,janv-23,2,0
India,IND,SEARO,01-02-23,Feb 2023,0,0
India,IND,SEARO,01-03-23,mars-23,0,0
India,IND,SEARO,01-04-23,Apr 2023,0,0
India,IND,SEARO,01-05-23,May 2023,0,0
India,IND,SEARO,01-06-23,Jun 2023,0,0
India,IND,SEARO,01-07-23,Jul 2023,0,0
India,IND,SEARO,01-08-23,Aug 2023,0,0
India,IND,SEARO,01-09-23,sept-23,5,0
India,IND,SEARO,01-10-23,oct-23,0,0
India,IND,SEARO,01-11-23,nov-23,0,0
India,IND,SEARO,01-12-23,Dec 2023,0,0
India,IND,SEARO,01-01-24,janv-24,0,0
India,IND,SEARO,01-02-24,Feb 2024,0,0
India,IND,SEARO,01-03-24,mars-24,0,0
India,IND,SEARO,01-04-24,Apr 2024,0,0
India,IND,SEARO,01-05-24,May 2024,0,0
Indonesia,IDN,SEARO,01-08-22,Aug 2022,1,0
Indonesia,IDN,SEARO,01-09-22,sept-22,0,0
Indonesia,IDN,SEARO,01-10-22,oct-22,0,0
Indonesia,IDN,SEARO,01-11-22,nov-22,0,0
Indonesia,IDN,SEARO,01-12-22,Dec 2022,0,0
Indonesia,IDN,SEARO,01-01-23,janv-23,0,0
Indonesia,IDN,SEARO,01-02-23,Feb 2023,0,0
Indonesia,IDN,SEARO,01-03-23,mars-23,0,0
Indonesia,IDN,SEARO,01-04-23,Apr 2023,0,0
Indonesia,IDN,SEARO,01-05-23,May 2023,0,0
Indonesia,IDN,SEARO,01-06-23,Jun 2023,0,0
Indonesia,IDN,SEARO,01-07-23,Jul 2023,0,0
Indonesia,IDN,SEARO,01-08-23,Aug 2023,0,0
Indonesia,IDN,SEARO,01-09-23,sept-23,0,0
Indonesia,IDN,SEARO,01-10-23,oct-23,29,0
Indonesia,IDN,SEARO,01-11-23,nov-23,30,0
Indonesia,IDN,SEARO,01-12-23,Dec 2023,13,0
Indonesia,IDN,SEARO,01-01-24,janv-24,7,0
Indonesia,IDN,SEARO,01-02-24,Feb 2024,4,0
Indonesia,IDN,SEARO,01-03-24,mars-24,0,0
Indonesia,IDN,SEARO,01-04-24,Apr 2024,2,0
Indonesia,IDN,SEARO,01-05-24,May 2024,1,0
Iran (Islamic Republic of),IRN,EMRO,01-08-22,Aug 2022,1,0
Ireland,IRL,EURO,01-05-22,May 2022,9,0
Ireland,IRL,EURO,01-06-22,Jun 2022,30,0
Ireland,IRL,EURO,01-07-22,Jul 2022,46,0
Ireland,IRL,EURO,01-08-22,Aug 2022,59,0
Ireland,IRL,EURO,01-09-22,sept-22,39,0
Ireland,IRL,EURO,01-10-22,oct-22,23,0
Ireland,IRL,EURO,01-11-22,nov-22,14,0
Ireland,IRL,EURO,01-12-22,Dec 2022,5,0
Ireland,IRL,EURO,01-01-23,janv-23,3,0
Ireland,IRL,EURO,01-02-23,Feb 2023,0,0
Ireland,IRL,EURO,01-03-23,mars-23,0,0
Ireland,IRL,EURO,01-04-23,Apr 2023,0,0
Ireland,IRL,EURO,01-05-23,May 2023,1,0
Ireland,IRL,EURO,01-06-23,Jun 2023,0,0
Ireland,IRL,EURO,01-07-23,Jul 2023,0,0
Ireland,IRL,EURO,01-08-23,Aug 2023,0,0
Ireland,IRL,EURO,01-09-23,sept-23,10,0
Ireland,IRL,EURO,01-10-23,oct-23,3,0
Ireland,IRL,EURO,01-11-23,nov-23,2,0
Ireland,IRL,EURO,01-12-23,Dec 2023,0,0
Ireland,IRL,EURO,01-01-24,janv-24,0,0
Ireland,IRL,EURO,01-02-24,Feb 2024,1,0
Ireland,IRL,EURO,01-03-24,mars-24,0,0
Ireland,IRL,EURO,01-04-24,Apr 2024,1,0
Ireland,IRL,EURO,01-05-24,May 2024,1,0
Israel,ISR,EURO,01-05-22,May 2022,2,0
Israel,ISR,EURO,01-06-22,Jun 2022,40,0
Israel,ISR,EURO,01-07-22,Jul 2022,79,0
Israel,ISR,EURO,01-08-22,Aug 2022,113,0
Israel,ISR,EURO,01-09-22,sept-22,16,0
Israel,ISR,EURO,01-10-22,oct-22,12,0
Israel,ISR,EURO,01-11-22,nov-22,0,0
Israel,ISR,EURO,01-12-22,Dec 2022,0,0
Israel,ISR,EURO,01-01-23,janv-23,0,0
Israel,ISR,EURO,01-02-23,Feb 2023,0,0
Israel,ISR,EURO,01-03-23,mars-23,0,0
Israel,ISR,EURO,01-04-23,Apr 2023,0,0
Israel,ISR,EURO,01-05-23,May 2023,0,0
Israel,ISR,EURO,01-06-23,Jun 2023,1,0
Israel,ISR,EURO,01-07-23,Jul 2023,0,0
Israel,ISR,EURO,01-08-23,Aug 2023,0,0
Israel,ISR,EURO,01-09-23,sept-23,0,0
Israel,ISR,EURO,01-10-23,oct-23,-1,0
Israel,ISR,EURO,01-11-23,nov-23,0,0
Israel,ISR,EURO,01-12-23,Dec 2023,13,0
Israel,ISR,EURO,01-01-24,janv-24,0,0
Israel,ISR,EURO,01-02-24,Feb 2024,18,0
Israel,ISR,EURO,01-03-24,mars-24,0,0
Israel,ISR,EURO,01-04-24,Apr 2024,1,0
Israel,ISR,EURO,01-05-24,May 2024,18,0
Italy,ITA,EURO,01-05-22,May 2022,14,0
Italy,ITA,EURO,01-06-22,Jun 2022,145,0
Italy,ITA,EURO,01-07-22,Jul 2022,267,0
Italy,ITA,EURO,01-08-22,Aug 2022,334,0
Italy,ITA,EURO,01-09-22,sept-22,90,0
Italy,ITA,EURO,01-10-22,oct-22,44,0
Italy,ITA,EURO,01-11-22,nov-22,26,0
Italy,ITA,EURO,01-12-22,Dec 2022,18,0
Italy,ITA,EURO,01-01-23,janv-23,16,0
Italy,ITA,EURO,01-02-23,Feb 2023,3,0
Italy,ITA,EURO,01-03-23,mars-23,0,0
Italy,ITA,EURO,01-04-23,Apr 2023,0,0
Italy,ITA,EURO,01-05-23,May 2023,0,0
Italy,ITA,EURO,01-06-23,Jun 2023,0,0
Italy,ITA,EURO,01-07-23,Jul 2023,0,0
Italy,ITA,EURO,01-08-23,Aug 2023,1,0
Italy,ITA,EURO,01-09-23,sept-23,5,0
Italy,ITA,EURO,01-10-23,oct-23,3,0
Italy,ITA,EURO,01-11-23,nov-23,6,0
Italy,ITA,EURO,01-12-23,Dec 2023,17,0
Italy,ITA,EURO,01-01-24,janv-24,26,0
Italy,ITA,EURO,01-02-24,Feb 2024,13,0
Italy,ITA,EURO,01-03-24,mars-24,14,0
Italy,ITA,EURO,01-04-24,Apr 2024,1,0
Italy,ITA,EURO,01-05-24,May 2024,4,0
Jamaica,JAM,AMRO,01-07-22,Jul 2022,2,0
Jamaica,JAM,AMRO,01-08-22,Aug 2022,5,0
Jamaica,JAM,AMRO,01-09-22,sept-22,7,0
Jamaica,JAM,AMRO,01-10-22,oct-22,2,0
Jamaica,JAM,AMRO,01-11-22,nov-22,2,0
Jamaica,JAM,AMRO,01-12-22,Dec 2022,0,0
Jamaica,JAM,AMRO,01-01-23,janv-23,0,0
Jamaica,JAM,AMRO,01-02-23,Feb 2023,0,0
Jamaica,JAM,AMRO,01-03-23,mars-23,3,0
Jamaica,JAM,AMRO,01-04-23,Apr 2023,0,0
Jamaica,JAM,AMRO,01-05-23,May 2023,0,0
Jamaica,JAM,AMRO,01-06-23,Jun 2023,0,0
Jamaica,JAM,AMRO,01-07-23,Jul 2023,0,0
Jamaica,JAM,AMRO,01-08-23,Aug 2023,0,0
Jamaica,JAM,AMRO,01-09-23,sept-23,0,0
Jamaica,JAM,AMRO,01-10-23,oct-23,0,0
Jamaica,JAM,AMRO,01-11-23,nov-23,0,0
Jamaica,JAM,AMRO,01-12-23,Dec 2023,0,0
Jamaica,JAM,AMRO,01-01-24,janv-24,0,0
Jamaica,JAM,AMRO,01-02-24,Feb 2024,0,0
Jamaica,JAM,AMRO,01-03-24,mars-24,0,0
Jamaica,JAM,AMRO,01-04-24,Apr 2024,0,0
Jamaica,JAM,AMRO,01-05-24,May 2024,0,0
Japan,JPN,WPRO,01-01-22,janv-22,0,0
Japan,JPN,WPRO,01-07-22,Jul 2022,2,0
Japan,JPN,WPRO,01-08-22,Aug 2022,2,0
Japan,JPN,WPRO,01-09-22,sept-22,2,0
Japan,JPN,WPRO,01-10-22,oct-22,1,0
Japan,JPN,WPRO,01-12-22,Dec 2022,1,0
Japan,JPN,WPRO,01-01-23,janv-23,7,0
Japan,JPN,WPRO,01-02-23,Feb 2023,7,0
Japan,JPN,WPRO,01-03-23,mars-23,60,0
Japan,JPN,WPRO,01-04-23,Apr 2023,39,0
Japan,JPN,WPRO,01-05-23,May 2023,42,0
Japan,JPN,WPRO,01-06-23,Jun 2023,23,0
Japan,JPN,WPRO,01-07-23,Jul 2023,8,0
Japan,JPN,WPRO,01-08-23,Aug 2023,1,0
Japan,JPN,WPRO,01-09-23,sept-23,11,0
Japan,JPN,WPRO,01-10-23,oct-23,7,0
Japan,JPN,WPRO,01-11-23,nov-23,12,0
Japan,JPN,WPRO,01-12-23,Dec 2023,7,1
Japan,JPN,WPRO,01-01-24,janv-24,2,0
Japan,JPN,WPRO,01-02-24,Feb 2024,6,0
Japan,JPN,WPRO,01-03-24,mars-24,2,0
Japan,JPN,WPRO,01-04-24,Apr 2024,3,0
Japan,JPN,WPRO,01-05-24,May 2024,2,0
Jordan,JOR,EMRO,01-09-22,sept-22,1,0
Lao People's Democratic Republic,LAO,WPRO,01-09-23,sept-23,1,0
Latvia,LVA,EURO,01-06-22,Jun 2022,2,0
Latvia,LVA,EURO,01-07-22,Jul 2022,1,0
Latvia,LVA,EURO,01-08-22,Aug 2022,1,0
Latvia,LVA,EURO,01-09-22,sept-22,1,0
Latvia,LVA,EURO,01-10-22,oct-22,1,0
Latvia,LVA,EURO,01-11-22,nov-22,0,0
Latvia,LVA,EURO,01-12-22,Dec 2022,0,0
Latvia,LVA,EURO,01-01-23,janv-23,0,0
Latvia,LVA,EURO,01-02-23,Feb 2023,0,0
Latvia,LVA,EURO,01-03-23,mars-23,0,0
Latvia,LVA,EURO,01-04-23,Apr 2023,0,0
Latvia,LVA,EURO,01-05-23,May 2023,0,0
Latvia,LVA,EURO,01-06-23,Jun 2023,0,0
Latvia,LVA,EURO,01-07-23,Jul 2023,0,0
Latvia,LVA,EURO,01-08-23,Aug 2023,0,0
Latvia,LVA,EURO,01-09-23,sept-23,0,0
Latvia,LVA,EURO,01-10-23,oct-23,0,0
Latvia,LVA,EURO,01-11-23,nov-23,0,0
Latvia,LVA,EURO,01-12-23,Dec 2023,0,0
Latvia,LVA,EURO,01-01-24,janv-24,0,0
Latvia,LVA,EURO,01-02-24,Feb 2024,0,0
Latvia,LVA,EURO,01-03-24,mars-24,0,0
Latvia,LVA,EURO,01-04-24,Apr 2024,0,0
Latvia,LVA,EURO,01-05-24,May 2024,0,0
Lebanon,LBN,EMRO,01-06-22,Jun 2022,1,0
Lebanon,LBN,EMRO,01-07-22,Jul 2022,3,0
Lebanon,LBN,EMRO,01-08-22,Aug 2022,2,0
Lebanon,LBN,EMRO,01-09-22,sept-22,5,0
Lebanon,LBN,EMRO,01-10-22,oct-22,7,0
Lebanon,LBN,EMRO,01-11-22,nov-22,6,0
Lebanon,LBN,EMRO,01-01-23,janv-23,2,0
Lebanon,LBN,EMRO,01-03-23,mars-23,1,0
Liberia,LBR,AFRO,01-07-22,Jul 2022,1,0
Liberia,LBR,AFRO,01-08-22,Aug 2022,2,0
Liberia,LBR,AFRO,01-09-22,sept-22,0,0
Liberia,LBR,AFRO,01-10-22,oct-22,0,0
Liberia,LBR,AFRO,01-11-22,nov-22,1,0
Liberia,LBR,AFRO,01-12-22,Dec 2022,2,0
Liberia,LBR,AFRO,01-01-23,janv-23,1,0
Liberia,LBR,AFRO,01-02-23,Feb 2023,1,0
Liberia,LBR,AFRO,01-03-23,mars-23,2,0
Liberia,LBR,AFRO,01-04-23,Apr 2023,2,0
Liberia,LBR,AFRO,01-05-23,May 2023,1,0
Liberia,LBR,AFRO,01-06-23,Jun 2023,0,0
Liberia,LBR,AFRO,01-07-23,Jul 2023,0,0
Liberia,LBR,AFRO,01-08-23,Aug 2023,0,0
Liberia,LBR,AFRO,01-09-23,sept-23,0,0
Liberia,LBR,AFRO,01-10-23,oct-23,0,0
Liberia,LBR,AFRO,01-11-23,nov-23,3,0
Liberia,LBR,AFRO,01-12-23,Dec 2023,2,0
Liberia,LBR,AFRO,01-01-24,janv-24,1,0
Liberia,LBR,AFRO,01-02-24,Feb 2024,2,0
Liberia,LBR,AFRO,01-03-24,mars-24,2,0
Liberia,LBR,AFRO,01-04-24,Apr 2024,0,0
Liberia,LBR,AFRO,01-05-24,May 2024,0,0
Lithuania,LTU,EURO,01-08-22,Aug 2022,5,0
Lithuania,LTU,EURO,01-09-22,sept-22,0,0
Lithuania,LTU,EURO,01-10-22,oct-22,0,0
Lithuania,LTU,EURO,01-11-22,nov-22,0,0
Lithuania,LTU,EURO,01-12-22,Dec 2022,0,0
Lithuania,LTU,EURO,01-01-23,janv-23,0,0
Lithuania,LTU,EURO,01-02-23,Feb 2023,0,0
Lithuania,LTU,EURO,01-03-23,mars-23,0,0
Lithuania,LTU,EURO,01-04-23,Apr 2023,0,0
Lithuania,LTU,EURO,01-05-23,May 2023,0,0
Lithuania,LTU,EURO,01-06-23,Jun 2023,0,0
Lithuania,LTU,EURO,01-07-23,Jul 2023,0,0
Lithuania,LTU,EURO,01-08-23,Aug 2023,0,0
Lithuania,LTU,EURO,01-09-23,sept-23,0,0
Lithuania,LTU,EURO,01-10-23,oct-23,0,0
Lithuania,LTU,EURO,01-11-23,nov-23,0,0
Lithuania,LTU,EURO,01-12-23,Dec 2023,0,0
Lithuania,LTU,EURO,01-01-24,janv-24,0,0
Lithuania,LTU,EURO,01-02-24,Feb 2024,0,0
Lithuania,LTU,EURO,01-03-24,mars-24,0,0
Lithuania,LTU,EURO,01-04-24,Apr 2024,0,0
Lithuania,LTU,EURO,01-05-24,May 2024,0,0
Luxembourg,LUX,EURO,01-06-22,Jun 2022,3,0
Luxembourg,LUX,EURO,01-07-22,Jul 2022,20,0
Luxembourg,LUX,EURO,01-08-22,Aug 2022,30,0
Luxembourg,LUX,EURO,01-09-22,sept-22,2,0
Luxembourg,LUX,EURO,01-10-22,oct-22,0,0
Luxembourg,LUX,EURO,01-11-22,nov-22,2,0
Luxembourg,LUX,EURO,01-12-22,Dec 2022,0,0
Luxembourg,LUX,EURO,01-01-23,janv-23,0,0
Luxembourg,LUX,EURO,01-02-23,Feb 2023,0,0
Luxembourg,LUX,EURO,01-03-23,mars-23,0,0
Luxembourg,LUX,EURO,01-04-23,Apr 2023,0,0
Luxembourg,LUX,EURO,01-05-23,May 2023,0,0
Luxembourg,LUX,EURO,01-06-23,Jun 2023,0,0
Luxembourg,LUX,EURO,01-07-23,Jul 2023,0,0
Luxembourg,LUX,EURO,01-08-23,Aug 2023,2,0
Luxembourg,LUX,EURO,01-09-23,sept-23,0,0
Luxembourg,LUX,EURO,01-10-23,oct-23,1,0
Luxembourg,LUX,EURO,01-11-23,nov-23,0,0
Luxembourg,LUX,EURO,01-12-23,Dec 2023,0,0
Luxembourg,LUX,EURO,01-01-24,janv-24,0,0
Luxembourg,LUX,EURO,01-02-24,Feb 2024,1,0
Luxembourg,LUX,EURO,01-03-24,mars-24,0,0
Luxembourg,LUX,EURO,01-04-24,Apr 2024,0,0
Luxembourg,LUX,EURO,01-05-24,May 2024,0,0
Malaysia,MYS,WPRO,01-08-23,Aug 2023,2,0
Malaysia,MYS,WPRO,01-10-23,oct-23,2,0
Malaysia,MYS,WPRO,01-11-23,nov-23,5,0
Malta,MLT,EURO,01-05-22,May 2022,1,0
Malta,MLT,EURO,01-06-22,Jun 2022,5,0
Malta,MLT,EURO,01-07-22,Jul 2022,11,0
Malta,MLT,EURO,01-08-22,Aug 2022,14,0
Malta,MLT,EURO,01-09-22,sept-22,2,0
Malta,MLT,EURO,01-10-22,oct-22,0,0
Malta,MLT,EURO,01-11-22,nov-22,0,0
Malta,MLT,EURO,01-12-22,Dec 2022,0,0
Malta,MLT,EURO,01-01-23,janv-23,0,0
Malta,MLT,EURO,01-02-23,Feb 2023,0,0
Malta,MLT,EURO,01-03-23,mars-23,1,0
Malta,MLT,EURO,01-04-23,Apr 2023,0,0
Malta,MLT,EURO,01-05-23,May 2023,0,0
Malta,MLT,EURO,01-06-23,Jun 2023,0,0
Malta,MLT,EURO,01-07-23,Jul 2023,0,0
Malta,MLT,EURO,01-08-23,Aug 2023,0,0
Malta,MLT,EURO,01-09-23,sept-23,0,0
Malta,MLT,EURO,01-10-23,oct-23,1,0
Malta,MLT,EURO,01-11-23,nov-23,0,0
Malta,MLT,EURO,01-12-23,Dec 2023,0,0
Malta,MLT,EURO,01-01-24,janv-24,0,0
Malta,MLT,EURO,01-02-24,Feb 2024,0,0
Malta,MLT,EURO,01-03-24,mars-24,0,0
Malta,MLT,EURO,01-04-24,Apr 2024,0,0
Malta,MLT,EURO,01-05-24,May 2024,0,0
Martinique,MTQ,AMRO,01-07-22,Jul 2022,1,0
Martinique,MTQ,AMRO,01-08-22,Aug 2022,0,0
Martinique,MTQ,AMRO,01-09-22,sept-22,0,0
Martinique,MTQ,AMRO,01-10-22,oct-22,0,0
Martinique,MTQ,AMRO,01-11-22,nov-22,0,0
Martinique,MTQ,AMRO,01-12-22,Dec 2022,0,0
Martinique,MTQ,AMRO,01-01-23,janv-23,6,0
Martinique,MTQ,AMRO,01-02-23,Feb 2023,0,0
Martinique,MTQ,AMRO,01-03-23,mars-23,0,0
Martinique,MTQ,AMRO,01-04-23,Apr 2023,0,0
Martinique,MTQ,AMRO,01-05-23,May 2023,0,0
Martinique,MTQ,AMRO,01-06-23,Jun 2023,0,0
Martinique,MTQ,AMRO,01-07-23,Jul 2023,0,0
Martinique,MTQ,AMRO,01-08-23,Aug 2023,0,0
Martinique,MTQ,AMRO,01-09-23,sept-23,0,0
Martinique,MTQ,AMRO,01-10-23,oct-23,0,0
Martinique,MTQ,AMRO,01-11-23,nov-23,0,0
Martinique,MTQ,AMRO,01-12-23,Dec 2023,0,0
Martinique,MTQ,AMRO,01-01-24,janv-24,0,0
Martinique,MTQ,AMRO,01-02-24,Feb 2024,0,0
Martinique,MTQ,AMRO,01-03-24,mars-24,0,0
Martinique,MTQ,AMRO,01-04-24,Apr 2024,0,0
Martinique,MTQ,AMRO,01-05-24,May 2024,0,0
Mexico,MEX,AMRO,01-05-22,May 2022,4,0
Mexico,MEX,AMRO,01-06-22,Jun 2022,35,0
Mexico,MEX,AMRO,01-07-22,Jul 2022,184,1
Mexico,MEX,AMRO,01-08-22,Aug 2022,1026,3
Mexico,MEX,AMRO,01-09-22,sept-22,1133,9
Mexico,MEX,AMRO,01-10-22,oct-22,774,4
Mexico,MEX,AMRO,01-11-22,nov-22,474,8
Mexico,MEX,AMRO,01-12-22,Dec 2022,143,0
Mexico,MEX,AMRO,01-01-23,janv-23,155,3
Mexico,MEX,AMRO,01-02-23,Feb 2023,53,3
Mexico,MEX,AMRO,01-03-23,mars-23,24,1
Mexico,MEX,AMRO,01-04-23,Apr 2023,16,2
Mexico,MEX,AMRO,01-05-23,May 2023,10,0
Mexico,MEX,AMRO,01-06-23,Jun 2023,13,0
Mexico,MEX,AMRO,01-07-23,Jul 2023,9,0
Mexico,MEX,AMRO,01-08-23,Aug 2023,9,0
Mexico,MEX,AMRO,01-09-23,sept-23,3,0
Mexico,MEX,AMRO,01-10-23,oct-23,5,0
Mexico,MEX,AMRO,01-11-23,nov-23,9,0
Mexico,MEX,AMRO,01-12-23,Dec 2023,0,0
Mexico,MEX,AMRO,01-01-24,janv-24,4,0
Mexico,MEX,AMRO,01-02-24,Feb 2024,1,0
Mexico,MEX,AMRO,01-03-24,mars-24,4,0
Mexico,MEX,AMRO,01-04-24,Apr 2024,9,0
Mexico,MEX,AMRO,01-05-24,May 2024,12,0
Monaco,MCO,EURO,01-08-22,Aug 2022,3,0
Monaco,MCO,EURO,01-09-22,sept-22,0,0
Monaco,MCO,EURO,01-10-22,oct-22,0,0
Monaco,MCO,EURO,01-11-22,nov-22,0,0
Monaco,MCO,EURO,01-12-22,Dec 2022,0,0
Monaco,MCO,EURO,01-01-23,janv-23,0,0
Monaco,MCO,EURO,01-02-23,Feb 2023,0,0
Monaco,MCO,EURO,01-03-23,mars-23,0,0
Monaco,MCO,EURO,01-04-23,Apr 2023,0,0
Monaco,MCO,EURO,01-05-23,May 2023,0,0
Monaco,MCO,EURO,01-06-23,Jun 2023,0,0
Monaco,MCO,EURO,01-07-23,Jul 2023,0,0
Monaco,MCO,EURO,01-08-23,Aug 2023,0,0
Monaco,MCO,EURO,01-09-23,sept-23,0,0
Monaco,MCO,EURO,01-10-23,oct-23,0,0
Monaco,MCO,EURO,01-11-23,nov-23,0,0
Monaco,MCO,EURO,01-12-23,Dec 2023,0,0
Monaco,MCO,EURO,01-01-24,janv-24,0,0
Monaco,MCO,EURO,01-02-24,Feb 2024,0,0
Monaco,MCO,EURO,01-03-24,mars-24,0,0
Monaco,MCO,EURO,01-04-24,Apr 2024,0,0
Monaco,MCO,EURO,01-05-24,May 2024,0,0
Montenegro,MNE,EURO,01-07-22,Jul 2022,1,0
Montenegro,MNE,EURO,01-08-22,Aug 2022,1,0
Montenegro,MNE,EURO,01-09-22,sept-22,0,0
Montenegro,MNE,EURO,01-10-22,oct-22,0,0
Montenegro,MNE,EURO,01-11-22,nov-22,0,0
Montenegro,MNE,EURO,01-12-22,Dec 2022,0,0
Montenegro,MNE,EURO,01-01-23,janv-23,0,0
Montenegro,MNE,EURO,01-02-23,Feb 2023,0,0
Montenegro,MNE,EURO,01-03-23,mars-23,0,0
Montenegro,MNE,EURO,01-04-23,Apr 2023,0,0
Montenegro,MNE,EURO,01-05-23,May 2023,0,0
Montenegro,MNE,EURO,01-06-23,Jun 2023,0,0
Montenegro,MNE,EURO,01-07-23,Jul 2023,0,0
Montenegro,MNE,EURO,01-08-23,Aug 2023,0,0
Montenegro,MNE,EURO,01-09-23,sept-23,0,0
Montenegro,MNE,EURO,01-10-23,oct-23,0,0
Montenegro,MNE,EURO,01-11-23,nov-23,0,0
Montenegro,MNE,EURO,01-12-23,Dec 2023,0,0
Montenegro,MNE,EURO,01-01-24,janv-24,0,0
Montenegro,MNE,EURO,01-02-24,Feb 2024,0,0
Montenegro,MNE,EURO,01-03-24,mars-24,0,0
Montenegro,MNE,EURO,01-04-24,Apr 2024,0,0
Montenegro,MNE,EURO,01-05-24,May 2024,0,0
Morocco,MAR,EMRO,01-06-22,Jun 2022,1,0
Morocco,MAR,EMRO,01-08-22,Aug 2022,2,0
Mozambique,MOZ,AFRO,01-10-22,oct-22,1,1
Mozambique,MOZ,AFRO,01-11-22,nov-22,0,0
Mozambique,MOZ,AFRO,01-12-22,Dec 2022,0,0
Mozambique,MOZ,AFRO,01-01-23,janv-23,0,0
Mozambique,MOZ,AFRO,01-02-23,Feb 2023,0,0
Mozambique,MOZ,AFRO,01-03-23,mars-23,0,0
Mozambique,MOZ,AFRO,01-04-23,Apr 2023,0,0
Mozambique,MOZ,AFRO,01-05-23,May 2023,0,0
Mozambique,MOZ,AFRO,01-06-23,Jun 2023,0,0
Mozambique,MOZ,AFRO,01-07-23,Jul 2023,0,0
Mozambique,MOZ,AFRO,01-08-23,Aug 2023,0,0
Mozambique,MOZ,AFRO,01-09-23,sept-23,0,0
Mozambique,MOZ,AFRO,01-10-23,oct-23,0,0
Mozambique,MOZ,AFRO,01-11-23,nov-23,0,0
Mozambique,MOZ,AFRO,01-12-23,Dec 2023,0,0
Mozambique,MOZ,AFRO,01-01-24,janv-24,0,0
Mozambique,MOZ,AFRO,01-02-24,Feb 2024,0,0
Mozambique,MOZ,AFRO,01-03-24,mars-24,0,0
Mozambique,MOZ,AFRO,01-04-24,Apr 2024,0,0
Mozambique,MOZ,AFRO,01-05-24,May 2024,0,0
Nepal,NPL,SEARO,01-06-23,Jun 2023,1,0
Nepal,NPL,SEARO,01-07-23,Jul 2023,0,0
Nepal,NPL,SEARO,01-08-23,Aug 2023,0,0
Nepal,NPL,SEARO,01-09-23,sept-23,0,0
Nepal,NPL,SEARO,01-10-23,oct-23,0,0
Nepal,NPL,SEARO,01-11-23,nov-23,0,0
Nepal,NPL,SEARO,01-12-23,Dec 2023,0,0
Nepal,NPL,SEARO,01-01-24,janv-24,0,0
Nepal,NPL,SEARO,01-02-24,Feb 2024,0,0
Nepal,NPL,SEARO,01-03-24,mars-24,0,0
Nepal,NPL,SEARO,01-04-24,Apr 2024,0,0
Nepal,NPL,SEARO,01-05-24,May 2024,0,0
Netherlands,NLD,EURO,01-05-22,May 2022,26,0
Netherlands,NLD,EURO,01-06-22,Jun 2022,231,0
Netherlands,NLD,EURO,01-07-22,Jul 2022,622,0
Netherlands,NLD,EURO,01-08-22,Aug 2022,281,0
Netherlands,NLD,EURO,01-09-22,sept-22,63,0
Netherlands,NLD,EURO,01-10-22,oct-22,12,0
Netherlands,NLD,EURO,01-11-22,nov-22,16,0
Netherlands,NLD,EURO,01-12-22,Dec 2022,5,0
Netherlands,NLD,EURO,01-01-23,janv-23,4,0
Netherlands,NLD,EURO,01-02-23,Feb 2023,1,0
Netherlands,NLD,EURO,01-03-23,mars-23,1,0
Netherlands,NLD,EURO,01-04-23,Apr 2023,1,0
Netherlands,NLD,EURO,01-05-23,May 2023,1,0
Netherlands,NLD,EURO,01-06-23,Jun 2023,1,0
Netherlands,NLD,EURO,01-07-23,Jul 2023,0,0
Netherlands,NLD,EURO,01-08-23,Aug 2023,2,0
Netherlands,NLD,EURO,01-09-23,sept-23,7,0
Netherlands,NLD,EURO,01-10-23,oct-23,4,0
Netherlands,NLD,EURO,01-11-23,nov-23,7,0
Netherlands,NLD,EURO,01-12-23,Dec 2023,2,0
Netherlands,NLD,EURO,01-01-24,janv-24,5,0
Netherlands,NLD,EURO,01-02-24,Feb 2024,7,0
Netherlands,NLD,EURO,01-03-24,mars-24,0,0
Netherlands,NLD,EURO,01-04-24,Apr 2024,2,0
Netherlands,NLD,EURO,01-05-24,May 2024,1,0
New Caledonia,NCL,WPRO,01-07-22,Jul 2022,1,0
New Caledonia,NCL,WPRO,01-07-23,Jul 2023,0,0
New Zealand,NZL,WPRO,01-07-22,Jul 2022,2,0
New Zealand,NZL,WPRO,01-08-22,Aug 2022,2,0
New Zealand,NZL,WPRO,01-09-22,sept-22,5,0
New Zealand,NZL,WPRO,01-10-22,oct-22,19,0
New Zealand,NZL,WPRO,01-11-22,nov-22,8,0
New Zealand,NZL,WPRO,01-12-22,Dec 2022,4,0
New Zealand,NZL,WPRO,01-01-23,janv-23,1,0
New Zealand,NZL,WPRO,01-02-23,Feb 2023,1,0
New Zealand,NZL,WPRO,01-01-24,janv-24,8,0
New Zealand,NZL,WPRO,01-05-24,May 2024,1,0
Nigeria,NGA,AFRO,01-01-22,janv-22,3,0
Nigeria,NGA,AFRO,01-02-22,Feb 2022,1,0
Nigeria,NGA,AFRO,01-03-22,mars-22,6,0
Nigeria,NGA,AFRO,01-04-22,Apr 2022,5,1
Nigeria,NGA,AFRO,01-05-22,May 2022,6,0
Nigeria,NGA,AFRO,01-06-22,Jun 2022,42,1
Nigeria,NGA,AFRO,01-07-22,Jul 2022,94,1
Nigeria,NGA,AFRO,01-08-22,Aug 2022,120,3
Nigeria,NGA,AFRO,01-09-22,sept-22,204,1
Nigeria,NGA,AFRO,01-10-22,oct-22,123,0
Nigeria,NGA,AFRO,01-11-22,nov-22,76,0
Nigeria,NGA,AFRO,01-12-22,Dec 2022,83,0
Nigeria,NGA,AFRO,01-01-23,janv-23,27,1
Nigeria,NGA,AFRO,01-02-23,Feb 2023,16,0
Nigeria,NGA,AFRO,01-03-23,mars-23,27,1
Nigeria,NGA,AFRO,01-04-23,Apr 2023,2,0
Nigeria,NGA,AFRO,01-05-23,May 2023,7,0
Nigeria,NGA,AFRO,01-06-23,Jun 2023,1,0
Nigeria,NGA,AFRO,01-07-23,Jul 2023,0,0
Nigeria,NGA,AFRO,01-08-23,Aug 2023,0,0
Nigeria,NGA,AFRO,01-09-23,sept-23,0,0
Nigeria,NGA,AFRO,01-10-23,oct-23,0,0
Nigeria,NGA,AFRO,01-11-23,nov-23,12,0
Nigeria,NGA,AFRO,01-12-23,Dec 2023,3,0
Norway,NOR,EURO,01-05-22,May 2022,1,0
Norway,NOR,EURO,01-06-22,Jun 2022,14,0
Norway,NOR,EURO,01-07-22,Jul 2022,36,0
Norway,NOR,EURO,01-08-22,Aug 2022,29,0
Norway,NOR,EURO,01-09-22,sept-22,12,0
Norway,NOR,EURO,01-10-22,oct-22,1,0
Norway,NOR,EURO,01-11-22,nov-22,0,0
Norway,NOR,EURO,01-12-22,Dec 2022,0,0
Norway,NOR,EURO,01-01-23,janv-23,2,0
Norway,NOR,EURO,01-02-23,Feb 2023,0,0
Norway,NOR,EURO,01-03-23,mars-23,0,0
Norway,NOR,EURO,01-04-23,Apr 2023,0,0
Norway,NOR,EURO,01-05-23,May 2023,0,0
Norway,NOR,EURO,01-06-23,Jun 2023,0,0
Norway,NOR,EURO,01-07-23,Jul 2023,1,0
Norway,NOR,EURO,01-08-23,Aug 2023,0,0
Norway,NOR,EURO,01-09-23,sept-23,5,0
Norway,NOR,EURO,01-10-23,oct-23,1,0
Norway,NOR,EURO,01-11-23,nov-23,2,0
Norway,NOR,EURO,01-12-23,Dec 2023,0,0
Norway,NOR,EURO,01-01-24,janv-24,1,0
Norway,NOR,EURO,01-02-24,Feb 2024,0,0
Norway,NOR,EURO,01-03-24,mars-24,0,0
Norway,NOR,EURO,01-04-24,Apr 2024,1,0
Norway,NOR,EURO,01-05-24,May 2024,0,0
Oman,OMN,EMRO,01-10-23,oct-23,3,0
Pakistan,PAK,EMRO,01-04-23,Apr 2023,1,0
Pakistan,PAK,EMRO,01-05-23,May 2023,4,0
Pakistan,PAK,EMRO,01-08-23,Aug 2023,1,0
Pakistan,PAK,EMRO,01-09-23,sept-23,1,0
Panama,PAN,AMRO,01-07-22,Jul 2022,1,0
Panama,PAN,AMRO,01-08-22,Aug 2022,10,0
Panama,PAN,AMRO,01-09-22,sept-22,5,0
Panama,PAN,AMRO,01-10-22,oct-22,0,0
Panama,PAN,AMRO,01-11-22,nov-22,40,0
Panama,PAN,AMRO,01-12-22,Dec 2022,22,0
Panama,PAN,AMRO,01-01-23,janv-23,40,0
Panama,PAN,AMRO,01-02-23,Feb 2023,49,0
Panama,PAN,AMRO,01-03-23,mars-23,49,0
Panama,PAN,AMRO,01-04-23,Apr 2023,7,1
Panama,PAN,AMRO,01-05-23,May 2023,12,0
Panama,PAN,AMRO,01-06-23,Jun 2023,2,0
Panama,PAN,AMRO,01-07-23,Jul 2023,0,0
Panama,PAN,AMRO,01-08-23,Aug 2023,0,0
Panama,PAN,AMRO,01-09-23,sept-23,0,0
Panama,PAN,AMRO,01-10-23,oct-23,0,0
Panama,PAN,AMRO,01-11-23,nov-23,0,0
Panama,PAN,AMRO,01-12-23,Dec 2023,0,0
Panama,PAN,AMRO,01-01-24,janv-24,0,0
Panama,PAN,AMRO,01-02-24,Feb 2024,2,0
Panama,PAN,AMRO,01-03-24,mars-24,0,0
Panama,PAN,AMRO,01-04-24,Apr 2024,0,0
Panama,PAN,AMRO,01-05-24,May 2024,0,0
Paraguay,PRY,AMRO,01-08-22,Aug 2022,1,0
Paraguay,PRY,AMRO,01-09-22,sept-22,1,0
Paraguay,PRY,AMRO,01-10-22,oct-22,1,0
Paraguay,PRY,AMRO,01-11-22,nov-22,23,0
Paraguay,PRY,AMRO,01-12-22,Dec 2022,22,0
Paraguay,PRY,AMRO,01-01-23,janv-23,34,0
Paraguay,PRY,AMRO,01-02-23,Feb 2023,28,0
Paraguay,PRY,AMRO,01-03-23,mars-23,12,0
Paraguay,PRY,AMRO,01-04-23,Apr 2023,3,0
Paraguay,PRY,AMRO,01-05-23,May 2023,0,0
Paraguay,PRY,AMRO,01-06-23,Jun 2023,1,0
Paraguay,PRY,AMRO,01-07-23,Jul 2023,0,0
Paraguay,PRY,AMRO,01-08-23,Aug 2023,0,0
Paraguay,PRY,AMRO,01-09-23,sept-23,0,0
Paraguay,PRY,AMRO,01-10-23,oct-23,0,0
Paraguay,PRY,AMRO,01-11-23,nov-23,0,0
Paraguay,PRY,AMRO,01-12-23,Dec 2023,0,0
Paraguay,PRY,AMRO,01-01-24,janv-24,0,0
Paraguay,PRY,AMRO,01-02-24,Feb 2024,0,0
Paraguay,PRY,AMRO,01-03-24,mars-24,0,0
Paraguay,PRY,AMRO,01-04-24,Apr 2024,0,0
Paraguay,PRY,AMRO,01-05-24,May 2024,0,0
Peru,PER,AMRO,01-06-22,Jun 2022,3,0
Peru,PER,AMRO,01-07-22,Jul 2022,266,0
Peru,PER,AMRO,01-08-22,Aug 2022,1277,0
Peru,PER,AMRO,01-09-22,sept-22,975,0
Peru,PER,AMRO,01-10-22,oct-22,527,0
Peru,PER,AMRO,01-11-22,nov-22,460,0
Peru,PER,AMRO,01-12-22,Dec 2022,135,8
Peru,PER,AMRO,01-01-23,janv-23,84,7
Peru,PER,AMRO,01-02-23,Feb 2023,39,2
Peru,PER,AMRO,01-03-23,mars-23,19,3
Peru,PER,AMRO,01-04-23,Apr 2023,15,0
Peru,PER,AMRO,01-05-23,May 2023,0,0
Peru,PER,AMRO,01-06-23,Jun 2023,12,0
Peru,PER,AMRO,01-07-23,Jul 2023,0,0
Peru,PER,AMRO,01-08-23,Aug 2023,0,0
Peru,PER,AMRO,01-09-23,sept-23,0,0
Peru,PER,AMRO,01-10-23,oct-23,0,0
Peru,PER,AMRO,01-11-23,nov-23,0,0
Peru,PER,AMRO,01-12-23,Dec 2023,0,0
Peru,PER,AMRO,01-01-24,janv-24,0,0
Peru,PER,AMRO,01-02-24,Feb 2024,0,0
Peru,PER,AMRO,01-03-24,mars-24,0,0
Peru,PER,AMRO,01-04-24,Apr 2024,0,0
Peru,PER,AMRO,01-05-24,May 2024,0,0
Philippines,PHL,WPRO,01-07-22,Jul 2022,1,0
Philippines,PHL,WPRO,01-08-22,Aug 2022,3,0
Philippines,PHL,WPRO,01-05-23,May 2023,1,0
Philippines,PHL,WPRO,01-12-23,Dec 2023,4,0
Poland,POL,EURO,01-06-22,Jun 2022,10,0
Poland,POL,EURO,01-07-22,Jul 2022,43,0
Poland,POL,EURO,01-08-22,Aug 2022,77,0
Poland,POL,EURO,01-09-22,sept-22,58,0
Poland,POL,EURO,01-10-22,oct-22,18,0
Poland,POL,EURO,01-11-22,nov-22,8,0
Poland,POL,EURO,01-12-22,Dec 2022,0,0
Poland,POL,EURO,01-01-23,janv-23,1,0
Poland,POL,EURO,01-02-23,Feb 2023,0,0
Poland,POL,EURO,01-03-23,mars-23,0,0
Poland,POL,EURO,01-04-23,Apr 2023,2,0
Poland,POL,EURO,01-05-23,May 2023,0,0
Poland,POL,EURO,01-06-23,Jun 2023,0,0
Poland,POL,EURO,01-07-23,Jul 2023,0,0
Poland,POL,EURO,01-08-23,Aug 2023,0,0
Poland,POL,EURO,01-09-23,sept-23,0,0
Poland,POL,EURO,01-10-23,oct-23,0,0
Poland,POL,EURO,01-11-23,nov-23,0,0
Poland,POL,EURO,01-12-23,Dec 2023,0,0
Poland,POL,EURO,01-01-24,janv-24,3,0
Poland,POL,EURO,01-02-24,Feb 2024,0,0
Poland,POL,EURO,01-03-24,mars-24,1,0
Poland,POL,EURO,01-04-24,Apr 2024,0,0
Poland,POL,EURO,01-05-24,May 2024,2,0
Portugal,PRT,EURO,01-05-22,May 2022,100,0
Portugal,PRT,EURO,01-06-22,Jun 2022,302,0
Portugal,PRT,EURO,01-07-22,Jul 2022,231,0
Portugal,PRT,EURO,01-08-22,Aug 2022,213,0
Portugal,PRT,EURO,01-09-22,sept-22,80,0
Portugal,PRT,EURO,01-10-22,oct-22,18,0
Portugal,PRT,EURO,01-11-22,nov-22,4,0
Portugal,PRT,EURO,01-12-22,Dec 2022,0,0
Portugal,PRT,EURO,01-01-23,janv-23,3,0
Portugal,PRT,EURO,01-02-23,Feb 2023,0,0
Portugal,PRT,EURO,01-03-23,mars-23,0,0
Portugal,PRT,EURO,01-04-23,Apr 2023,2,0
Portugal,PRT,EURO,01-05-23,May 2023,0,1
Portugal,PRT,EURO,01-06-23,Jun 2023,2,0
Portugal,PRT,EURO,01-07-23,Jul 2023,47,0
Portugal,PRT,EURO,01-08-23,Aug 2023,3,0
Portugal,PRT,EURO,01-09-23,sept-23,86,0
Portugal,PRT,EURO,01-10-23,oct-23,43,0
Portugal,PRT,EURO,01-11-23,nov-23,28,0
Portugal,PRT,EURO,01-12-23,Dec 2023,0,0
Portugal,PRT,EURO,01-01-24,janv-24,24,1
Portugal,PRT,EURO,01-02-24,Feb 2024,4,1
Portugal,PRT,EURO,01-03-24,mars-24,3,0
Portugal,PRT,EURO,01-04-24,Apr 2024,0,0
Portugal,PRT,EURO,01-05-24,May 2024,0,0
Qatar,QAT,EMRO,01-07-22,Jul 2022,2,0
Qatar,QAT,EMRO,01-08-22,Aug 2022,1,0
Qatar,QAT,EMRO,01-09-22,sept-22,2,0
Republic of Korea,KOR,WPRO,01-06-22,Jun 2022,1,0
Republic of Korea,KOR,WPRO,01-09-22,sept-22,1,0
Republic of Korea,KOR,WPRO,01-11-22,nov-22,2,0
Republic of Korea,KOR,WPRO,01-03-23,mars-23,1,0
Republic of Korea,KOR,WPRO,01-04-23,Apr 2023,38,0
Republic of Korea,KOR,WPRO,01-05-23,May 2023,46,0
Republic of Korea,KOR,WPRO,01-06-23,Jun 2023,28,0
Republic of Korea,KOR,WPRO,01-07-23,Jul 2023,9,0
Republic of Korea,KOR,WPRO,01-08-23,Aug 2023,9,0
Republic of Korea,KOR,WPRO,01-09-23,sept-23,6,0
Republic of Korea,KOR,WPRO,01-10-23,oct-23,8,0
Republic of Korea,KOR,WPRO,01-11-23,nov-23,6,0
Republic of Korea,KOR,WPRO,01-04-24,Apr 2024,1,0
Republic of Moldova,MDA,EURO,01-08-22,Aug 2022,2,0
Republic of Moldova,MDA,EURO,01-09-22,sept-22,0,0
Republic of Moldova,MDA,EURO,01-10-22,oct-22,0,0
Republic of Moldova,MDA,EURO,01-11-22,nov-22,0,0
Republic of Moldova,MDA,EURO,01-12-22,Dec 2022,0,0
Republic of Moldova,MDA,EURO,01-01-23,janv-23,0,0
Republic of Moldova,MDA,EURO,01-02-23,Feb 2023,0,0
Republic of Moldova,MDA,EURO,01-03-23,mars-23,0,0
Republic of Moldova,MDA,EURO,01-04-23,Apr 2023,0,0
Republic of Moldova,MDA,EURO,01-05-23,May 2023,0,0
Republic of Moldova,MDA,EURO,01-06-23,Jun 2023,0,0
Republic of Moldova,MDA,EURO,01-07-23,Jul 2023,0,0
Republic of Moldova,MDA,EURO,01-08-23,Aug 2023,0,0
Republic of Moldova,MDA,EURO,01-09-23,sept-23,0,0
Republic of Moldova,MDA,EURO,01-10-23,oct-23,0,0
Republic of Moldova,MDA,EURO,01-11-23,nov-23,0,0
Republic of Moldova,MDA,EURO,01-12-23,Dec 2023,0,0
Republic of Moldova,MDA,EURO,01-01-24,janv-24,0,0
Republic of Moldova,MDA,EURO,01-02-24,Feb 2024,0,0
Republic of Moldova,MDA,EURO,01-03-24,mars-24,0,0
Republic of Moldova,MDA,EURO,01-04-24,Apr 2024,0,0
Republic of Moldova,MDA,EURO,01-05-24,May 2024,0,0
Romania,ROU,EURO,01-06-22,Jun 2022,11,0
Romania,ROU,EURO,01-07-22,Jul 2022,9,0
Romania,ROU,EURO,01-08-22,Aug 2022,16,0
Romania,ROU,EURO,01-09-22,sept-22,4,0
Romania,ROU,EURO,01-10-22,oct-22,3,0
Romania,ROU,EURO,01-11-22,nov-22,2,0
Romania,ROU,EURO,01-12-22,Dec 2022,1,0
Romania,ROU,EURO,01-01-23,janv-23,1,0
Romania,ROU,EURO,01-02-23,Feb 2023,0,0
Romania,ROU,EURO,01-03-23,mars-23,0,0
Romania,ROU,EURO,01-04-23,Apr 2023,0,0
Romania,ROU,EURO,01-05-23,May 2023,0,0
Romania,ROU,EURO,01-06-23,Jun 2023,0,0
Romania,ROU,EURO,01-07-23,Jul 2023,0,0
Romania,ROU,EURO,01-08-23,Aug 2023,0,0
Romania,ROU,EURO,01-09-23,sept-23,0,0
Romania,ROU,EURO,01-10-23,oct-23,0,0
Romania,ROU,EURO,01-11-23,nov-23,0,0
Romania,ROU,EURO,01-12-23,Dec 2023,0,0
Romania,ROU,EURO,01-01-24,janv-24,0,0
Romania,ROU,EURO,01-02-24,Feb 2024,0,0
Romania,ROU,EURO,01-03-24,mars-24,0,0
Romania,ROU,EURO,01-04-24,Apr 2024,0,0
Romania,ROU,EURO,01-05-24,May 2024,0,0
Russian Federation,RUS,EURO,01-07-22,Jul 2022,1,0
Russian Federation,RUS,EURO,01-08-22,Aug 2022,0,0
Russian Federation,RUS,EURO,01-09-22,sept-22,1,0
Russian Federation,RUS,EURO,01-10-22,oct-22,0,0
Russian Federation,RUS,EURO,01-11-22,nov-22,0,0
Russian Federation,RUS,EURO,01-12-22,Dec 2022,0,0
Russian Federation,RUS,EURO,01-01-23,janv-23,0,0
Russian Federation,RUS,EURO,01-02-23,Feb 2023,0,0
Russian Federation,RUS,EURO,01-03-23,mars-23,0,0
Russian Federation,RUS,EURO,01-04-23,Apr 2023,0,0
Russian Federation,RUS,EURO,01-05-23,May 2023,0,0
Russian Federation,RUS,EURO,01-06-23,Jun 2023,0,0
Russian Federation,RUS,EURO,01-07-23,Jul 2023,0,0
Russian Federation,RUS,EURO,01-08-23,Aug 2023,0,0
Russian Federation,RUS,EURO,01-09-23,sept-23,0,0
Russian Federation,RUS,EURO,01-10-23,oct-23,0,0
Russian Federation,RUS,EURO,01-11-23,nov-23,0,0
Russian Federation,RUS,EURO,01-12-23,Dec 2023,0,0
Russian Federation,RUS,EURO,01-01-24,janv-24,2,0
Russian Federation,RUS,EURO,01-02-24,Feb 2024,0,0
Russian Federation,RUS,EURO,01-03-24,mars-24,0,0
Russian Federation,RUS,EURO,01-04-24,Apr 2024,0,0
Russian Federation,RUS,EURO,01-05-24,May 2024,0,0
Saint Martin,MAF,AMRO,01-08-22,Aug 2022,1,0
Saint Martin,MAF,AMRO,01-09-22,sept-22,0,0
Saint Martin,MAF,AMRO,01-10-22,oct-22,0,0
Saint Martin,MAF,AMRO,01-11-22,nov-22,0,0
Saint Martin,MAF,AMRO,01-12-22,Dec 2022,0,0
Saint Martin,MAF,AMRO,01-01-23,janv-23,0,0
Saint Martin,MAF,AMRO,01-02-23,Feb 2023,0,0
Saint Martin,MAF,AMRO,01-03-23,mars-23,0,0
Saint Martin,MAF,AMRO,01-04-23,Apr 2023,0,0
Saint Martin,MAF,AMRO,01-05-23,May 2023,0,0
Saint Martin,MAF,AMRO,01-06-23,Jun 2023,0,0
Saint Martin,MAF,AMRO,01-07-23,Jul 2023,0,0
Saint Martin,MAF,AMRO,01-08-23,Aug 2023,0,0
Saint Martin,MAF,AMRO,01-09-23,sept-23,0,0
Saint Martin,MAF,AMRO,01-10-23,oct-23,0,0
Saint Martin,MAF,AMRO,01-11-23,nov-23,0,0
Saint Martin,MAF,AMRO,01-12-23,Dec 2023,0,0
Saint Martin,MAF,AMRO,01-01-24,janv-24,0,0
Saint Martin,MAF,AMRO,01-02-24,Feb 2024,0,0
Saint Martin,MAF,AMRO,01-03-24,mars-24,0,0
Saint Martin,MAF,AMRO,01-04-24,Apr 2024,0,0
Saint Martin,MAF,AMRO,01-05-24,May 2024,0,0
San Marino,SMR,EURO,01-09-22,sept-22,0,0
San Marino,SMR,EURO,01-10-22,oct-22,1,0
San Marino,SMR,EURO,01-11-22,nov-22,0,0
San Marino,SMR,EURO,01-12-22,Dec 2022,0,0
San Marino,SMR,EURO,01-01-23,janv-23,0,0
San Marino,SMR,EURO,01-02-23,Feb 2023,0,0
San Marino,SMR,EURO,01-03-23,mars-23,0,0
San Marino,SMR,EURO,01-04-23,Apr 2023,0,0
San Marino,SMR,EURO,01-05-23,May 2023,0,0
San Marino,SMR,EURO,01-06-23,Jun 2023,0,0
San Marino,SMR,EURO,01-07-23,Jul 2023,0,0
San Marino,SMR,EURO,01-08-23,Aug 2023,0,0
San Marino,SMR,EURO,01-09-23,sept-23,0,0
San Marino,SMR,EURO,01-10-23,oct-23,0,0
San Marino,SMR,EURO,01-11-23,nov-23,0,0
San Marino,SMR,EURO,01-12-23,Dec 2023,0,0
San Marino,SMR,EURO,01-01-24,janv-24,0,0
San Marino,SMR,EURO,01-02-24,Feb 2024,0,0
San Marino,SMR,EURO,01-03-24,mars-24,0,0
San Marino,SMR,EURO,01-04-24,Apr 2024,0,0
San Marino,SMR,EURO,01-05-24,May 2024,0,0
Saudi Arabia,SAU,EMRO,01-07-22,Jul 2022,4,0
Saudi Arabia,SAU,EMRO,01-08-22,Aug 2022,4,0
Serbia,SRB,EURO,01-06-22,Jun 2022,1,0
Serbia,SRB,EURO,01-07-22,Jul 2022,9,0
Serbia,SRB,EURO,01-08-22,Aug 2022,21,0
Serbia,SRB,EURO,01-09-22,sept-22,9,0
Serbia,SRB,EURO,01-10-22,oct-22,0,0
Serbia,SRB,EURO,01-11-22,nov-22,0,0
Serbia,SRB,EURO,01-12-22,Dec 2022,0,0
Serbia,SRB,EURO,01-01-23,janv-23,0,0
Serbia,SRB,EURO,01-02-23,Feb 2023,0,0
Serbia,SRB,EURO,01-03-23,mars-23,0,0
Serbia,SRB,EURO,01-04-23,Apr 2023,0,0
Serbia,SRB,EURO,01-05-23,May 2023,0,0
Serbia,SRB,EURO,01-06-23,Jun 2023,0,0
Serbia,SRB,EURO,01-07-23,Jul 2023,0,0
Serbia,SRB,EURO,01-08-23,Aug 2023,0,0
Serbia,SRB,EURO,01-09-23,sept-23,0,0
Serbia,SRB,EURO,01-10-23,oct-23,0,0
Serbia,SRB,EURO,01-11-23,nov-23,0,0
Serbia,SRB,EURO,01-12-23,Dec 2023,0,0
Serbia,SRB,EURO,01-01-24,janv-24,0,0
Serbia,SRB,EURO,01-02-24,Feb 2024,0,0
Serbia,SRB,EURO,01-03-24,mars-24,0,0
Serbia,SRB,EURO,01-04-24,Apr 2024,0,0
Serbia,SRB,EURO,01-05-24,May 2024,0,0
Singapore,SGP,WPRO,01-06-22,Jun 2022,1,0
Singapore,SGP,WPRO,01-07-22,Jul 2022,10,0
Singapore,SGP,WPRO,01-08-22,Aug 2022,5,0
Singapore,SGP,WPRO,01-09-22,sept-22,3,0
Singapore,SGP,WPRO,01-01-23,janv-23,2,0
Singapore,SGP,WPRO,01-03-23,mars-23,1,0
Singapore,SGP,WPRO,01-04-23,Apr 2023,1,0
Singapore,SGP,WPRO,01-05-23,May 2023,2,0
Singapore,SGP,WPRO,01-07-23,Jul 2023,1,0
Singapore,SGP,WPRO,01-09-23,sept-23,5,0
Singapore,SGP,WPRO,01-10-23,oct-23,5,0
Singapore,SGP,WPRO,01-11-23,nov-23,13,0
Singapore,SGP,WPRO,01-12-23,Dec 2023,1,0
Singapore,SGP,WPRO,01-01-24,janv-24,1,0
Singapore,SGP,WPRO,01-02-24,Feb 2024,1,0
Singapore,SGP,WPRO,01-03-24,mars-24,5,0
Singapore,SGP,WPRO,01-04-24,Apr 2024,2,0
Slovakia,SVK,EURO,01-07-22,Jul 2022,6,0
Slovakia,SVK,EURO,01-08-22,Aug 2022,6,0
Slovakia,SVK,EURO,01-09-22,sept-22,2,0
Slovakia,SVK,EURO,01-10-22,oct-22,0,0
Slovakia,SVK,EURO,01-11-22,nov-22,0,0
Slovakia,SVK,EURO,01-12-22,Dec 2022,0,0
Slovakia,SVK,EURO,01-01-23,janv-23,0,0
Slovakia,SVK,EURO,01-02-23,Feb 2023,0,0
Slovakia,SVK,EURO,01-03-23,mars-23,0,0
Slovakia,SVK,EURO,01-04-23,Apr 2023,0,0
Slovakia,SVK,EURO,01-05-23,May 2023,0,0
Slovakia,SVK,EURO,01-06-23,Jun 2023,0,0
Slovakia,SVK,EURO,01-07-23,Jul 2023,0,0
Slovakia,SVK,EURO,01-08-23,Aug 2023,0,0
Slovakia,SVK,EURO,01-09-23,sept-23,0,0
Slovakia,SVK,EURO,01-10-23,oct-23,0,0
Slovakia,SVK,EURO,01-11-23,nov-23,0,0
Slovakia,SVK,EURO,01-12-23,Dec 2023,0,0
Slovakia,SVK,EURO,01-01-24,janv-24,2,0
Slovakia,SVK,EURO,01-02-24,Feb 2024,0,0
Slovakia,SVK,EURO,01-03-24,mars-24,0,0
Slovakia,SVK,EURO,01-04-24,Apr 2024,0,0
Slovakia,SVK,EURO,01-05-24,May 2024,0,0
Slovenia,SVN,EURO,01-05-22,May 2022,2,0
Slovenia,SVN,EURO,01-06-22,Jun 2022,7,0
Slovenia,SVN,EURO,01-07-22,Jul 2022,24,0
Slovenia,SVN,EURO,01-08-22,Aug 2022,10,0
Slovenia,SVN,EURO,01-09-22,sept-22,4,0
Slovenia,SVN,EURO,01-10-22,oct-22,0,0
Slovenia,SVN,EURO,01-11-22,nov-22,0,0
Slovenia,SVN,EURO,01-12-22,Dec 2022,0,0
Slovenia,SVN,EURO,01-01-23,janv-23,0,0
Slovenia,SVN,EURO,01-02-23,Feb 2023,0,0
Slovenia,SVN,EURO,01-03-23,mars-23,0,0
Slovenia,SVN,EURO,01-04-23,Apr 2023,0,0
Slovenia,SVN,EURO,01-05-23,May 2023,0,0
Slovenia,SVN,EURO,01-06-23,Jun 2023,0,0
Slovenia,SVN,EURO,01-07-23,Jul 2023,0,0
Slovenia,SVN,EURO,01-08-23,Aug 2023,0,0
Slovenia,SVN,EURO,01-09-23,sept-23,0,0
Slovenia,SVN,EURO,01-10-23,oct-23,0,0
Slovenia,SVN,EURO,01-11-23,nov-23,0,0
Slovenia,SVN,EURO,01-12-23,Dec 2023,0,0
Slovenia,SVN,EURO,01-01-24,janv-24,0,0
Slovenia,SVN,EURO,01-02-24,Feb 2024,0,0
Slovenia,SVN,EURO,01-03-24,mars-24,0,0
Slovenia,SVN,EURO,01-04-24,Apr 2024,0,0
Slovenia,SVN,EURO,01-05-24,May 2024,0,0
South Africa,ZAF,AFRO,01-07-22,Jul 2022,3,0
South Africa,ZAF,AFRO,01-08-22,Aug 2022,2,0
South Africa,ZAF,AFRO,01-09-22,sept-22,0,0
South Africa,ZAF,AFRO,01-10-22,oct-22,0,0
South Africa,ZAF,AFRO,01-11-22,nov-22,0,0
South Africa,ZAF,AFRO,01-12-22,Dec 2022,0,0
South Africa,ZAF,AFRO,01-01-23,janv-23,0,0
South Africa,ZAF,AFRO,01-02-23,Feb 2023,0,0
South Africa,ZAF,AFRO,01-03-23,mars-23,0,0
South Africa,ZAF,AFRO,01-04-23,Apr 2023,0,0
South Africa,ZAF,AFRO,01-05-23,May 2023,0,0
South Africa,ZAF,AFRO,01-06-23,Jun 2023,0,0
South Africa,ZAF,AFRO,01-07-23,Jul 2023,0,0
South Africa,ZAF,AFRO,01-08-23,Aug 2023,0,0
South Africa,ZAF,AFRO,01-09-23,sept-23,0,0
South Africa,ZAF,AFRO,01-10-23,oct-23,0,0
South Africa,ZAF,AFRO,01-11-23,nov-23,0,0
South Africa,ZAF,AFRO,01-12-23,Dec 2023,0,0
South Africa,ZAF,AFRO,01-01-24,janv-24,0,0
South Africa,ZAF,AFRO,01-02-24,Feb 2024,0,0
South Africa,ZAF,AFRO,01-03-24,mars-24,0,0
South Africa,ZAF,AFRO,01-04-24,Apr 2024,0,0
South Africa,ZAF,AFRO,01-05-24,May 2024,4,0
Spain,ESP,EURO,01-05-22,May 2022,98,0
Spain,ESP,EURO,01-06-22,Jun 2022,702,0
Spain,ESP,EURO,01-07-22,Jul 2022,2938,0
Spain,ESP,EURO,01-08-22,Aug 2022,2805,2
Spain,ESP,EURO,01-09-22,sept-22,645,0
Spain,ESP,EURO,01-10-22,oct-22,129,0
Spain,ESP,EURO,01-11-22,nov-22,91,1
Spain,ESP,EURO,01-12-22,Dec 2022,88,0
Spain,ESP,EURO,01-01-23,janv-23,32,0
Spain,ESP,EURO,01-02-23,Feb 2023,15,0
Spain,ESP,EURO,01-03-23,mars-23,3,0
Spain,ESP,EURO,01-04-23,Apr 2023,3,0
Spain,ESP,EURO,01-05-23,May 2023,6,0
Spain,ESP,EURO,01-06-23,Jun 2023,4,0
Spain,ESP,EURO,01-07-23,Jul 2023,0,0
Spain,ESP,EURO,01-08-23,Aug 2023,6,0
Spain,ESP,EURO,01-09-23,sept-23,46,0
Spain,ESP,EURO,01-10-23,oct-23,36,0
Spain,ESP,EURO,01-11-23,nov-23,37,0
Spain,ESP,EURO,01-12-23,Dec 2023,68,0
Spain,ESP,EURO,01-01-24,janv-24,34,0
Spain,ESP,EURO,01-02-24,Feb 2024,112,0
Spain,ESP,EURO,01-03-24,mars-24,62,0
Spain,ESP,EURO,01-04-24,Apr 2024,32,0
Spain,ESP,EURO,01-05-24,May 2024,38,0
Sri Lanka,LKA,SEARO,01-11-22,nov-22,2,0
Sri Lanka,LKA,SEARO,01-12-22,Dec 2022,0,0
Sri Lanka,LKA,SEARO,01-01-23,janv-23,0,0
Sri Lanka,LKA,SEARO,01-02-23,Feb 2023,0,0
Sri Lanka,LKA,SEARO,01-03-23,mars-23,0,0
Sri Lanka,LKA,SEARO,01-04-23,Apr 2023,0,0
Sri Lanka,LKA,SEARO,01-05-23,May 2023,0,0
Sri Lanka,LKA,SEARO,01-06-23,Jun 2023,2,0
Sri Lanka,LKA,SEARO,01-07-23,Jul 2023,0,0
Sri Lanka,LKA,SEARO,01-08-23,Aug 2023,0,0
Sri Lanka,LKA,SEARO,01-09-23,sept-23,0,0
Sri Lanka,LKA,SEARO,01-10-23,oct-23,0,0
Sri Lanka,LKA,SEARO,01-11-23,nov-23,0,0
Sri Lanka,LKA,SEARO,01-12-23,Dec 2023,0,0
Sri Lanka,LKA,SEARO,01-01-24,janv-24,0,0
Sri Lanka,LKA,SEARO,01-02-24,Feb 2024,0,0
Sri Lanka,LKA,SEARO,01-03-24,mars-24,0,0
Sri Lanka,LKA,SEARO,01-04-24,Apr 2024,0,0
Sri Lanka,LKA,SEARO,01-05-24,May 2024,0,0
Sudan,SDN,EMRO,01-08-22,Aug 2022,2,0
Sudan,SDN,EMRO,01-09-22,sept-22,5,1
Sudan,SDN,EMRO,01-10-22,oct-22,11,0
Sudan,SDN,EMRO,01-04-23,Apr 2023,1,0
Sweden,SWE,EURO,01-05-22,May 2022,4,0
Sweden,SWE,EURO,01-06-22,Jun 2022,24,0
Sweden,SWE,EURO,01-07-22,Jul 2022,57,0
Sweden,SWE,EURO,01-08-22,Aug 2022,72,0
Sweden,SWE,EURO,01-09-22,sept-22,38,0
Sweden,SWE,EURO,01-10-22,oct-22,17,0
Sweden,SWE,EURO,01-11-22,nov-22,17,0
Sweden,SWE,EURO,01-12-22,Dec 2022,21,0
Sweden,SWE,EURO,01-01-23,janv-23,10,0
Sweden,SWE,EURO,01-02-23,Feb 2023,0,0
Sweden,SWE,EURO,01-03-23,mars-23,0,0
Sweden,SWE,EURO,01-04-23,Apr 2023,0,0
Sweden,SWE,EURO,01-05-23,May 2023,0,0
Sweden,SWE,EURO,01-06-23,Jun 2023,0,0
Sweden,SWE,EURO,01-07-23,Jul 2023,0,0
Sweden,SWE,EURO,01-08-23,Aug 2023,0,0
Sweden,SWE,EURO,01-09-23,sept-23,4,0
Sweden,SWE,EURO,01-10-23,oct-23,0,0
Sweden,SWE,EURO,01-11-23,nov-23,0,0
Sweden,SWE,EURO,01-12-23,Dec 2023,3,0
Sweden,SWE,EURO,01-01-24,janv-24,3,0
Sweden,SWE,EURO,01-02-24,Feb 2024,2,0
Sweden,SWE,EURO,01-03-24,mars-24,0,0
Sweden,SWE,EURO,01-04-24,Apr 2024,14,0
Sweden,SWE,EURO,01-05-24,May 2024,11,0
Switzerland,CHE,EURO,01-05-22,May 2022,4,0
Switzerland,CHE,EURO,01-06-22,Jun 2022,79,0
Switzerland,CHE,EURO,01-07-22,Jul 2022,181,0
Switzerland,CHE,EURO,01-08-22,Aug 2022,192,0
Switzerland,CHE,EURO,01-09-22,sept-22,57,0
Switzerland,CHE,EURO,01-10-22,oct-22,33,0
Switzerland,CHE,EURO,01-11-22,nov-22,4,0
Switzerland,CHE,EURO,01-12-22,Dec 2022,1,0
Switzerland,CHE,EURO,01-01-23,janv-23,0,0
Switzerland,CHE,EURO,01-02-23,Feb 2023,0,0
Switzerland,CHE,EURO,01-03-23,mars-23,1,0
Switzerland,CHE,EURO,01-04-23,Apr 2023,0,0
Switzerland,CHE,EURO,01-05-23,May 2023,0,0
Switzerland,CHE,EURO,01-06-23,Jun 2023,2,0
Switzerland,CHE,EURO,01-07-23,Jul 2023,0,0
Switzerland,CHE,EURO,01-08-23,Aug 2023,0,0
Switzerland,CHE,EURO,01-09-23,sept-23,5,0
Switzerland,CHE,EURO,01-10-23,oct-23,3,0
Switzerland,CHE,EURO,01-11-23,nov-23,0,0
Switzerland,CHE,EURO,01-12-23,Dec 2023,1,0
Switzerland,CHE,EURO,01-01-24,janv-24,9,0
Switzerland,CHE,EURO,01-02-24,Feb 2024,7,0
Switzerland,CHE,EURO,01-03-24,mars-24,0,0
Switzerland,CHE,EURO,01-04-24,Apr 2024,0,0
Switzerland,CHE,EURO,01-05-24,May 2024,0,0
Thailand,THA,SEARO,01-07-22,Jul 2022,2,0
Thailand,THA,SEARO,01-08-22,Aug 2022,5,0
Thailand,THA,SEARO,01-09-22,sept-22,1,0
Thailand,THA,SEARO,01-10-22,oct-22,4,0
Thailand,THA,SEARO,01-11-22,nov-22,0,0
Thailand,THA,SEARO,01-12-22,Dec 2022,0,0
Thailand,THA,SEARO,01-01-23,janv-23,0,0
Thailand,THA,SEARO,01-02-23,Feb 2023,3,0
Thailand,THA,SEARO,01-03-23,mars-23,3,0
Thailand,THA,SEARO,01-04-23,Apr 2023,3,0
Thailand,THA,SEARO,01-05-23,May 2023,22,0
Thailand,THA,SEARO,01-06-23,Jun 2023,13,0
Thailand,THA,SEARO,01-07-23,Jul 2023,63,0
Thailand,THA,SEARO,01-08-23,Aug 2023,197,1
Thailand,THA,SEARO,01-09-23,sept-23,144,0
Thailand,THA,SEARO,01-10-23,oct-23,117,0
Thailand,THA,SEARO,01-11-23,nov-23,79,0
Thailand,THA,SEARO,01-12-23,Dec 2023,29,0
Thailand,THA,SEARO,01-01-24,janv-24,36,0
Thailand,THA,SEARO,01-02-24,Feb 2024,22,0
Thailand,THA,SEARO,01-03-24,mars-24,12,0
Thailand,THA,SEARO,01-04-24,Apr 2024,19,0
Thailand,THA,SEARO,01-05-24,May 2024,21,9
The United Kingdom,GBR,EURO,01-05-22,May 2022,190,0
The United Kingdom,GBR,EURO,01-06-22,Jun 2022,1045,0
The United Kingdom,GBR,EURO,01-07-22,Jul 2022,1197,0
The United Kingdom,GBR,EURO,01-08-22,Aug 2022,981,0
The United Kingdom,GBR,EURO,01-09-22,sept-22,222,0
The United Kingdom,GBR,EURO,01-10-22,oct-22,63,0
The United Kingdom,GBR,EURO,01-11-22,nov-22,27,0
The United Kingdom,GBR,EURO,01-12-22,Dec 2022,5,0
The United Kingdom,GBR,EURO,01-01-23,janv-23,5,0
The United Kingdom,GBR,EURO,01-02-23,Feb 2023,0,0
The United Kingdom,GBR,EURO,01-03-23,mars-23,3,0
The United Kingdom,GBR,EURO,01-04-23,Apr 2023,3,0
The United Kingdom,GBR,EURO,01-05-23,May 2023,11,0
The United Kingdom,GBR,EURO,01-06-23,Jun 2023,1,0
The United Kingdom,GBR,EURO,01-07-23,Jul 2023,8,0
The United Kingdom,GBR,EURO,01-08-23,Aug 2023,10,0
The United Kingdom,GBR,EURO,01-09-23,sept-23,34,0
The United Kingdom,GBR,EURO,01-10-23,oct-23,15,0
The United Kingdom,GBR,EURO,01-11-23,nov-23,47,0
The United Kingdom,GBR,EURO,01-12-23,Dec 2023,8,0
The United Kingdom,GBR,EURO,01-01-24,janv-24,7,0
The United Kingdom,GBR,EURO,01-02-24,Feb 2024,10,0
The United Kingdom,GBR,EURO,01-03-24,mars-24,16,0
The United Kingdom,GBR,EURO,01-04-24,Apr 2024,20,0
The United Kingdom,GBR,EURO,01-05-24,May 2024,24,0
Trinidad and Tobago,TTO,AMRO,01-07-23,Jul 2023,3,0
Trinidad and Tobago,TTO,AMRO,01-08-23,Aug 2023,0,0
Trinidad and Tobago,TTO,AMRO,01-09-23,sept-23,0,0
Trinidad and Tobago,TTO,AMRO,01-10-23,oct-23,0,0
Trinidad and Tobago,TTO,AMRO,01-11-23,nov-23,0,0
Trinidad and Tobago,TTO,AMRO,01-12-23,Dec 2023,0,0
Trinidad and Tobago,TTO,AMRO,01-01-24,janv-24,0,0
Trinidad and Tobago,TTO,AMRO,01-02-24,Feb 2024,0,0
Trinidad and Tobago,TTO,AMRO,01-03-24,mars-24,0,0
Trinidad and Tobago,TTO,AMRO,01-04-24,Apr 2024,0,0
Trinidad and Tobago,TTO,AMRO,01-05-24,May 2024,0,0
Tï¿½ï¿½r,TUR,EURO,01-06-22,Jun 2022,1,0
Tï¿½ï¿½r,TUR,EURO,01-07-22,Jul 2022,0,0
Tï¿½ï¿½r,TUR,EURO,01-08-22,Aug 2022,0,0
Tï¿½ï¿½r,TUR,EURO,01-09-22,sept-22,0,0
Tï¿½ï¿½r,TUR,EURO,01-10-22,oct-22,11,0
Tï¿½ï¿½r,TUR,EURO,01-11-22,nov-22,0,0
Tï¿½ï¿½r,TUR,EURO,01-12-22,Dec 2022,0,0
Tï¿½ï¿½r,TUR,EURO,01-01-23,janv-23,0,0
Tï¿½ï¿½r,TUR,EURO,01-02-23,Feb 2023,0,0
Tï¿½ï¿½r,TUR,EURO,01-03-23,mars-23,0,0
Tï¿½ï¿½r,TUR,EURO,01-04-23,Apr 2023,0,0
Tï¿½ï¿½r,TUR,EURO,01-05-23,May 2023,0,0
Tï¿½ï¿½r,TUR,EURO,01-06-23,Jun 2023,0,0
Tï¿½ï¿½r,TUR,EURO,01-07-23,Jul 2023,0,0
Tï¿½ï¿½r,TUR,EURO,01-08-23,Aug 2023,0,0
Tï¿½ï¿½r,TUR,EURO,01-09-23,sept-23,0,0
Tï¿½ï¿½r,TUR,EURO,01-10-23,oct-23,0,0
Tï¿½ï¿½r,TUR,EURO,01-11-23,nov-23,0,0
Tï¿½ï¿½r,TUR,EURO,01-12-23,Dec 2023,0,0
Tï¿½ï¿½r,TUR,EURO,01-01-24,janv-24,0,0
Tï¿½ï¿½r,TUR,EURO,01-02-24,Feb 2024,0,0
Tï¿½ï¿½r,TUR,EURO,01-03-24,mars-24,0,0
Tï¿½ï¿½r,TUR,EURO,01-04-24,Apr 2024,0,0
Tï¿½ï¿½r,TUR,EURO,01-05-24,May 2024,0,0
Ukraine,UKR,EURO,01-09-22,sept-22,3,0
Ukraine,UKR,EURO,01-10-22,oct-22,2,0
Ukraine,UKR,EURO,01-11-22,nov-22,0,0
Ukraine,UKR,EURO,01-12-22,Dec 2022,0,0
Ukraine,UKR,EURO,01-01-23,janv-23,0,0
Ukraine,UKR,EURO,01-02-23,Feb 2023,0,0
Ukraine,UKR,EURO,01-03-23,mars-23,0,0
Ukraine,UKR,EURO,01-04-23,Apr 2023,0,0
Ukraine,UKR,EURO,01-05-23,May 2023,0,0
Ukraine,UKR,EURO,01-06-23,Jun 2023,0,0
Ukraine,UKR,EURO,01-07-23,Jul 2023,0,0
Ukraine,UKR,EURO,01-08-23,Aug 2023,0,0
Ukraine,UKR,EURO,01-09-23,sept-23,0,0
Ukraine,UKR,EURO,01-10-23,oct-23,0,0
Ukraine,UKR,EURO,01-11-23,nov-23,0,0
Ukraine,UKR,EURO,01-12-23,Dec 2023,0,0
Ukraine,UKR,EURO,01-01-24,janv-24,0,0
Ukraine,UKR,EURO,01-02-24,Feb 2024,0,0
Ukraine,UKR,EURO,01-03-24,mars-24,0,0
Ukraine,UKR,EURO,01-04-24,Apr 2024,0,0
Ukraine,UKR,EURO,01-05-24,May 2024,0,0
United Arab Emirates,ARE,EMRO,01-05-22,May 2022,4,0
United Arab Emirates,ARE,EMRO,01-06-22,Jun 2022,9,0
United Arab Emirates,ARE,EMRO,01-07-22,Jul 2022,3,0
United States of America,USA,AMRO,01-05-22,May 2022,91,0
United States of America,USA,AMRO,01-06-22,Jun 2022,1347,0
United States of America,USA,AMRO,01-07-22,Jul 2022,8609,7
United States of America,USA,AMRO,01-08-22,Aug 2022,12875,22
United States of America,USA,AMRO,01-09-22,sept-22,4353,12
United States of America,USA,AMRO,01-10-22,oct-22,1685,8
United States of America,USA,AMRO,01-11-22,nov-22,850,2
United States of America,USA,AMRO,01-12-22,Dec 2022,283,0
United States of America,USA,AMRO,01-01-23,janv-23,191,2
United States of America,USA,AMRO,01-02-23,Feb 2023,63,0
United States of America,USA,AMRO,01-03-23,mars-23,49,0
United States of America,USA,AMRO,01-04-23,Apr 2023,42,0
United States of America,USA,AMRO,01-05-23,May 2023,103,0
United States of America,USA,AMRO,01-06-23,Jun 2023,109,0
United States of America,USA,AMRO,01-07-23,Jul 2023,112,0
United States of America,USA,AMRO,01-08-23,Aug 2023,109,0
United States of America,USA,AMRO,01-09-23,sept-23,134,0
United States of America,USA,AMRO,01-10-23,oct-23,293,1
United States of America,USA,AMRO,01-11-23,nov-23,264,2
United States of America,USA,AMRO,01-12-23,Dec 2023,230,1
United States of America,USA,AMRO,01-01-24,janv-24,296,1
United States of America,USA,AMRO,01-02-24,Feb 2024,239,0
United States of America,USA,AMRO,01-03-24,mars-24,250,0
United States of America,USA,AMRO,01-04-24,Apr 2024,271,0
United States of America,USA,AMRO,01-05-24,May 2024,113,2
Uruguay,URY,AMRO,01-07-22,Jul 2022,1,0
Uruguay,URY,AMRO,01-08-22,Aug 2022,3,0
Uruguay,URY,AMRO,01-09-22,sept-22,4,0
Uruguay,URY,AMRO,01-10-22,oct-22,5,0
Uruguay,URY,AMRO,01-11-22,nov-22,1,0
Uruguay,URY,AMRO,01-12-22,Dec 2022,5,0
Uruguay,URY,AMRO,01-01-23,janv-23,0,0
Uruguay,URY,AMRO,01-02-23,Feb 2023,0,0
Uruguay,URY,AMRO,01-03-23,mars-23,0,0
Uruguay,URY,AMRO,01-04-23,Apr 2023,0,0
Uruguay,URY,AMRO,01-05-23,May 2023,0,0
Uruguay,URY,AMRO,01-06-23,Jun 2023,0,0
Uruguay,URY,AMRO,01-07-23,Jul 2023,0,0
Uruguay,URY,AMRO,01-08-23,Aug 2023,0,0
Uruguay,URY,AMRO,01-09-23,sept-23,0,0
Uruguay,URY,AMRO,01-10-23,oct-23,0,0
Uruguay,URY,AMRO,01-11-23,nov-23,0,0
Uruguay,URY,AMRO,01-12-23,Dec 2023,0,0
Uruguay,URY,AMRO,01-01-24,janv-24,0,0
Uruguay,URY,AMRO,01-02-24,Feb 2024,0,0
Uruguay,URY,AMRO,01-03-24,mars-24,0,0
Uruguay,URY,AMRO,01-04-24,Apr 2024,0,0
Uruguay,URY,AMRO,01-05-24,May 2024,0,0
Venezuela (Bolivarian Republic of),VEN,AMRO,01-06-22,Jun 2022,1,0
Venezuela (Bolivarian Republic of),VEN,AMRO,01-07-22,Jul 2022,0,0
Venezuela (Bolivarian Republic of),VEN,AMRO,01-08-22,Aug 2022,2,0
Venezuela (Bolivarian Republic of),VEN,AMRO,01-09-22,sept-22,2,0
Venezuela (Bolivarian Republic of),VEN,AMRO,01-10-22,oct-22,5,0
Venezuela (Bolivarian Republic of),VEN,AMRO,01-11-22,nov-22,0,0
Venezuela (Bolivarian Republic of),VEN,AMRO,01-12-22,Dec 2022,2,0
Venezuela (Bolivarian Republic of),VEN,AMRO,01-01-23,janv-23,0,0
Venezuela (Bolivarian Republic of),VEN,AMRO,01-02-23,Feb 2023,0,0
Venezuela (Bolivarian Republic of),VEN,AMRO,01-03-23,mars-23,0,0
Venezuela (Bolivarian Republic of),VEN,AMRO,01-04-23,Apr 2023,0,0
Venezuela (Bolivarian Republic of),VEN,AMRO,01-05-23,May 2023,0,0
Venezuela (Bolivarian Republic of),VEN,AMRO,01-06-23,Jun 2023,0,0
Venezuela (Bolivarian Republic of),VEN,AMRO,01-07-23,Jul 2023,0,0
Venezuela (Bolivarian Republic of),VEN,AMRO,01-08-23,Aug 2023,0,0
Venezuela (Bolivarian Republic of),VEN,AMRO,01-09-23,sept-23,0,0
Venezuela (Bolivarian Republic of),VEN,AMRO,01-10-23,oct-23,0,0
Venezuela (Bolivarian Republic of),VEN,AMRO,01-11-23,nov-23,0,0
Venezuela (Bolivarian Republic of),VEN,AMRO,01-12-23,Dec 2023,0,0
Venezuela (Bolivarian Republic of),VEN,AMRO,01-01-24,janv-24,0,0
Venezuela (Bolivarian Republic of),VEN,AMRO,01-02-24,Feb 2024,0,0
Venezuela (Bolivarian Republic of),VEN,AMRO,01-03-24,mars-24,0,0
Venezuela (Bolivarian Republic of),VEN,AMRO,01-04-24,Apr 2024,0,0
Venezuela (Bolivarian Republic of),VEN,AMRO,01-05-24,May 2024,0,0
Viet Nam,VNM,WPRO,01-10-22,oct-22,2,0
Viet Nam,VNM,WPRO,01-07-23,Jul 2023,1,0
Viet Nam,VNM,WPRO,01-09-23,sept-23,2,0
Viet Nam,VNM,WPRO,01-10-23,oct-23,40,1
Viet Nam,VNM,WPRO,01-11-23,nov-23,47,1
Viet Nam,VNM,WPRO,01-12-23,Dec 2023,29,4
Viet Nam,VNM,WPRO,01-01-24,janv-24,21,0
Viet Nam,VNM,WPRO,01-02-24,Feb 2024,5,0
Viet Nam,VNM,WPRO,01-03-24,mars-24,22,2
Viet Nam,VNM,WPRO,01-05-24,May 2024,27,0
