COUNTRY_AREA_TERRITORY,iso3,WHOREGION,month_start,cases,deaths
Andorra,AND,EURO,01-07-22,3,0
Andorra,AND,EURO,01-08-22,1,0
Andorra,AND,EURO,01-09-22,0,0
Andorra,AND,EURO,01-10-22,0,0
Andorra,AND,EURO,01-11-22,0,0
Andorra,AND,EURO,01-12-22,0,0
Andorra,AND,EURO,01-01-23,0,0
Andorra,AND,EURO,01-02-23,0,0
Andorra,AND,EURO,01-03-23,0,0
Andorra,AND,EURO,01-04-23,0,0
Andorra,AND,EURO,01-05-23,0,0
Andorra,AND,EURO,01-06-23,0,0
Andorra,AND,EURO,01-07-23,0,0
Andorra,AND,EURO,01-08-23,0,0
Andorra,AND,EURO,01-09-23,0,0
Andorra,AND,EURO,01-10-23,0,0
Andorra,AND,EURO,01-11-23,0,0
Andorra,AND,EURO,01-12-23,0,0
Andorra,AND,EURO,01-01-24,0,0
Andorra,AND,EURO,01-02-24,0,0
Andorra,AND,EURO,01-03-24,0,0
Andorra,AND,EURO,01-04-24,0,0
Andorra,AND,EURO,01-05-24,0,0
Argentina,ARG,AMRO,01-05-22,2,0
Argentina,ARG,AMRO,01-06-22,4,0
Argentina,ARG,AMRO,01-07-22,14,0
Argentina,ARG,AMRO,01-08-22,150,0
Argentina,ARG,AMRO,01-09-22,226,0
Argentina,ARG,AMRO,01-10-22,279,0
Argentina,ARG,AMRO,01-11-22,269,1
Argentina,ARG,AMRO,01-12-22,74,0
Argentina,ARG,AMRO,01-01-23,57,1
Argentina,ARG,AMRO,01-02-23,33,0
Argentina,ARG,AMRO,01-03-23,16,0
Argentina,ARG,AMRO,01-04-23,4,0
Argentina,ARG,AMRO,01-05-23,1,0
Argentina,ARG,AMRO,01-06-23,0,0
Argentina,ARG,AMRO,01-07-23,0,0
Argentina,ARG,AMRO,01-08-23,1,0
Argentina,ARG,AMRO,01-09-23,0,0
Argentina,ARG,AMRO,01-10-23,5,0
Argentina,ARG,AMRO,01-11-23,1,0
Argentina,ARG,AMRO,01-12-23,0,0
Argentina,ARG,AMRO,01-01-24,13,0
Argentina,ARG,AMRO,01-02-24,0,0
Argentina,ARG,AMRO,01-03-24,0,0
Argentina,ARG,AMRO,01-04-24,0,0
Argentina,ARG,AMRO,01-05-24,0,0
Aruba,ABW,AMRO,01-08-22,2,0
Aruba,ABW,AMRO,01-09-22,1,0
Aruba,ABW,AMRO,01-10-22,0,0
Aruba,ABW,AMRO,01-11-22,0,0
Aruba,ABW,AMRO,01-12-22,0,0
Aruba,ABW,AMRO,01-01-23,0,0
Aruba,ABW,AMRO,01-02-23,0,0
Aruba,ABW,AMRO,01-03-23,0,0
Aruba,ABW,AMRO,01-04-23,0,0
Aruba,ABW,AMRO,01-05-23,0,0
Aruba,ABW,AMRO,01-06-23,0,0
Aruba,ABW,AMRO,01-07-23,0,0
Aruba,ABW,AMRO,01-08-23,0,0
Aruba,ABW,AMRO,01-09-23,0,0
Aruba,ABW,AMRO,01-10-23,0,0
Aruba,ABW,AMRO,01-11-23,0,0
Aruba,ABW,AMRO,01-12-23,0,0
Aruba,ABW,AMRO,01-01-24,0,0
Aruba,ABW,AMRO,01-02-24,0,0
Aruba,ABW,AMRO,01-03-24,0,0
Aruba,ABW,AMRO,01-04-24,0,0
Aruba,ABW,AMRO,01-05-24,0,0
Australia,AUS,WPRO,01-05-22,2,0
Australia,AUS,WPRO,01-06-22,10,0
Australia,AUS,WPRO,01-07-22,33,0
Australia,AUS,WPRO,01-08-22,61,0
Australia,AUS,WPRO,01-09-22,30,0
Australia,AUS,WPRO,01-10-22,4,0
Australia,AUS,WPRO,01-11-22,3,0
Australia,AUS,WPRO,01-12-22,1,0
Australia,AUS,WPRO,01-02-23,1,0
Australia,AUS,WPRO,01-04-23,2,0
Australia,AUS,WPRO,01-05-23,1,0
Australia,AUS,WPRO,01-06-23,1,0
Australia,AUS,WPRO,01-07-23,7,0
Australia,AUS,WPRO,01-08-23,3,0
Australia,AUS,WPRO,01-09-23,5,0
Australia,AUS,WPRO,01-10-23,2,0
Australia,AUS,WPRO,01-11-23,2,0
Australia,AUS,WPRO,01-12-23,2,0
Australia,AUS,WPRO,01-01-24,6,0
Australia,AUS,WPRO,01-04-24,5,0
Australia,AUS,WPRO,01-05-24,33,0
Austria,AUT,EURO,01-05-22,1,0
Austria,AUT,EURO,01-06-22,19,0
Austria,AUT,EURO,01-07-22,98,0
Austria,AUT,EURO,01-08-22,147,0
Austria,AUT,EURO,01-09-22,48,0
Austria,AUT,EURO,01-10-22,10,0
Austria,AUT,EURO,01-11-22,3,0
Austria,AUT,EURO,01-12-22,1,0
Austria,AUT,EURO,01-01-23,0,0
Austria,AUT,EURO,01-02-23,0,0
Austria,AUT,EURO,01-03-23,0,0
Austria,AUT,EURO,01-04-23,1,0
Austria,AUT,EURO,01-05-23,0,0
Austria,AUT,EURO,01-06-23,0,0
Austria,AUT,EURO,01-07-23,0,0
Austria,AUT,EURO,01-08-23,0,0
Austria,AUT,EURO,01-09-23,2,0
Austria,AUT,EURO,01-10-23,1,0
Austria,AUT,EURO,01-11-23,2,0
Austria,AUT,EURO,01-12-23,5,0
Austria,AUT,EURO,01-01-24,3,0
Austria,AUT,EURO,01-02-24,4,1
Austria,AUT,EURO,01-03-24,0,0
Austria,AUT,EURO,01-04-24,1,0
Austria,AUT,EURO,01-05-24,2,0
Bahamas,BHS,AMRO,01-06-22,1,0
Bahamas,BHS,AMRO,01-07-22,0,0
Bahamas,BHS,AMRO,01-08-22,1,0
Bahamas,BHS,AMRO,01-09-22,0,0
Bahamas,BHS,AMRO,01-10-22,0,0
Bahamas,BHS,AMRO,01-11-22,0,0
Bahamas,BHS,AMRO,01-12-22,0,0
Bahamas,BHS,AMRO,01-01-23,0,0
Bahamas,BHS,AMRO,01-02-23,0,0
Bahamas,BHS,AMRO,01-03-23,0,0
Bahamas,BHS,AMRO,01-04-23,0,0
Bahamas,BHS,AMRO,01-05-23,0,0
Bahamas,BHS,AMRO,01-06-23,1,0
Bahamas,BHS,AMRO,01-07-23,0,0
Bahamas,BHS,AMRO,01-08-23,0,0
Bahamas,BHS,AMRO,01-09-23,0,0
Bahamas,BHS,AMRO,01-10-23,0,0
Bahamas,BHS,AMRO,01-11-23,0,0
Bahamas,BHS,AMRO,01-12-23,0,0
Bahamas,BHS,AMRO,01-01-24,0,0
Bahamas,BHS,AMRO,01-02-24,0,0
Bahamas,BHS,AMRO,01-03-24,0,0
Bahamas,BHS,AMRO,01-04-24,0,0
Bahamas,BHS,AMRO,01-05-24,0,0
Bahrain,BHR,EMRO,01-09-22,1,0
Bahrain,BHR,EMRO,01-04-23,1,0
Barbados,BRB,AMRO,01-07-22,1,0
Barbados,BRB,AMRO,01-08-22,0,0
Barbados,BRB,AMRO,01-09-22,0,0
Barbados,BRB,AMRO,01-10-22,0,0
Barbados,BRB,AMRO,01-11-22,0,0
Barbados,BRB,AMRO,01-12-22,0,0
Barbados,BRB,AMRO,01-01-23,0,0
Barbados,BRB,AMRO,01-02-23,0,0
Barbados,BRB,AMRO,01-03-23,0,0
Barbados,BRB,AMRO,01-04-23,0,0
Barbados,BRB,AMRO,01-05-23,0,0
Barbados,BRB,AMRO,01-06-23,0,0
Barbados,BRB,AMRO,01-07-23,0,0
Barbados,BRB,AMRO,01-08-23,0,0
Barbados,BRB,AMRO,01-09-23,0,0
Barbados,BRB,AMRO,01-10-23,0,0
Barbados,BRB,AMRO,01-11-23,0,0
Barbados,BRB,AMRO,01-12-23,0,0
Barbados,BRB,AMRO,01-01-24,0,0
Barbados,BRB,AMRO,01-02-24,0,0
Barbados,BRB,AMRO,01-03-24,0,0
Barbados,BRB,AMRO,01-04-24,0,0
Barbados,BRB,AMRO,01-05-24,0,0
Belgium,BEL,EURO,01-05-22,10,0
Belgium,BEL,EURO,01-06-22,107,0
Belgium,BEL,EURO,01-07-22,276,0
Belgium,BEL,EURO,01-08-22,313,1
Belgium,BEL,EURO,01-09-22,64,0
Belgium,BEL,EURO,01-10-22,15,0
Belgium,BEL,EURO,01-11-22,4,0
Belgium,BEL,EURO,01-12-22,1,0
Belgium,BEL,EURO,01-01-23,3,0
Belgium,BEL,EURO,01-02-23,0,1
Belgium,BEL,EURO,01-03-23,0,0
Belgium,BEL,EURO,01-04-23,0,0
Belgium,BEL,EURO,01-05-23,0,0
Belgium,BEL,EURO,01-06-23,2,0
Belgium,BEL,EURO,01-07-23,0,0
Belgium,BEL,EURO,01-08-23,0,0
Belgium,BEL,EURO,01-09-23,0,0
Belgium,BEL,EURO,01-10-23,0,0
Belgium,BEL,EURO,01-11-23,2,0
Belgium,BEL,EURO,01-12-23,3,0
Belgium,BEL,EURO,01-01-24,3,0
Belgium,BEL,EURO,01-02-24,2,0
Belgium,BEL,EURO,01-03-24,1,0
Belgium,BEL,EURO,01-04-24,3,0
Belgium,BEL,EURO,01-05-24,0,0
Benin,BEN,AFRO,01-06-22,3,0
Benin,BEN,AFRO,01-07-22,0,0
Benin,BEN,AFRO,01-08-22,0,0
Benin,BEN,AFRO,01-09-22,0,0
Benin,BEN,AFRO,01-10-22,0,0
Benin,BEN,AFRO,01-11-22,0,0
Benin,BEN,AFRO,01-12-22,0,0
Benin,BEN,AFRO,01-01-23,0,0
Benin,BEN,AFRO,01-02-23,0,0
Benin,BEN,AFRO,01-03-23,0,0
Benin,BEN,AFRO,01-04-23,0,0
Benin,BEN,AFRO,01-05-23,0,0
Benin,BEN,AFRO,01-06-23,0,0
Benin,BEN,AFRO,01-07-23,0,0
Benin,BEN,AFRO,01-08-23,0,0
Benin,BEN,AFRO,01-09-23,0,0
Benin,BEN,AFRO,01-10-23,0,0
Benin,BEN,AFRO,01-11-23,0,0
Benin,BEN,AFRO,01-12-23,0,0
Benin,BEN,AFRO,01-01-24,0,0
Benin,BEN,AFRO,01-02-24,0,0
Benin,BEN,AFRO,01-03-24,0,0
Benin,BEN,AFRO,01-04-24,0,0
Bermuda,BMU,AMRO,01-07-22,1,0
Bermuda,BMU,AMRO,01-08-22,0,0
Bermuda,BMU,AMRO,01-09-22,0,0
Bermuda,BMU,AMRO,01-10-22,0,0
Bermuda,BMU,AMRO,01-11-22,0,0
Bermuda,BMU,AMRO,01-12-22,0,0
Bermuda,BMU,AMRO,01-01-23,0,0
Bermuda,BMU,AMRO,01-02-23,0,0
Bermuda,BMU,AMRO,01-03-23,0,0
Bermuda,BMU,AMRO,01-04-23,0,0
Bermuda,BMU,AMRO,01-05-23,0,0
Bermuda,BMU,AMRO,01-06-23,0,0
Bermuda,BMU,AMRO,01-07-23,0,0
Bermuda,BMU,AMRO,01-08-23,0,0
Bermuda,BMU,AMRO,01-09-23,0,0
Bermuda,BMU,AMRO,01-10-23,0,0
Bermuda,BMU,AMRO,01-11-23,0,0
Bermuda,BMU,AMRO,01-12-23,0,0
Bermuda,BMU,AMRO,01-01-24,0,0
Bermuda,BMU,AMRO,01-02-24,0,0
Bermuda,BMU,AMRO,01-03-24,0,0
Bermuda,BMU,AMRO,01-04-24,0,0
Bermuda,BMU,AMRO,01-05-24,0,0
Bolivia (Plurinational State of),BOL,AMRO,01-08-22,86,0
Bolivia (Plurinational State of),BOL,AMRO,01-09-22,109,0
Bolivia (Plurinational State of),BOL,AMRO,01-10-22,46,0
Bolivia (Plurinational State of),BOL,AMRO,01-11-22,18,0
Bolivia (Plurinational State of),BOL,AMRO,01-12-22,2,0
Bolivia (Plurinational State of),BOL,AMRO,01-01-23,3,0
Bolivia (Plurinational State of),BOL,AMRO,01-02-23,1,0
Bolivia (Plurinational State of),BOL,AMRO,01-03-23,0,0
Bolivia (Plurinational State of),BOL,AMRO,01-04-23,0,0
Bolivia (Plurinational State of),BOL,AMRO,01-05-23,0,0
Bolivia (Plurinational State of),BOL,AMRO,01-06-23,0,0
Bolivia (Plurinational State of),BOL,AMRO,01-07-23,0,0
Bolivia (Plurinational State of),BOL,AMRO,01-08-23,0,0
Bolivia (Plurinational State of),BOL,AMRO,01-09-23,0,0
Bolivia (Plurinational State of),BOL,AMRO,01-10-23,0,0
Bolivia (Plurinational State of),BOL,AMRO,01-11-23,0,0
Bolivia (Plurinational State of),BOL,AMRO,01-12-23,0,0
Bolivia (Plurinational State of),BOL,AMRO,01-01-24,0,0
Bolivia (Plurinational State of),BOL,AMRO,01-02-24,0,0
Bolivia (Plurinational State of),BOL,AMRO,01-03-24,0,0
Bolivia (Plurinational State of),BOL,AMRO,01-04-24,0,0
Bolivia (Plurinational State of),BOL,AMRO,01-05-24,0,0
Bosnia and Herzegovina,BIH,EURO,01-07-22,1,0
Bosnia and Herzegovina,BIH,EURO,01-08-22,2,0
Bosnia and Herzegovina,BIH,EURO,01-09-22,2,0
Bosnia and Herzegovina,BIH,EURO,01-10-22,4,0
Bosnia and Herzegovina,BIH,EURO,01-11-22,0,0
Bosnia and Herzegovina,BIH,EURO,01-12-22,0,0
Bosnia and Herzegovina,BIH,EURO,01-01-23,0,0
Bosnia and Herzegovina,BIH,EURO,01-02-23,0,0
Bosnia and Herzegovina,BIH,EURO,01-03-23,0,0
Bosnia and Herzegovina,BIH,EURO,01-04-23,0,0
Bosnia and Herzegovina,BIH,EURO,01-05-23,0,0
Bosnia and Herzegovina,BIH,EURO,01-06-23,0,0
Bosnia and Herzegovina,BIH,EURO,01-07-23,0,0
Bosnia and Herzegovina,BIH,EURO,01-08-23,0,0
Bosnia and Herzegovina,BIH,EURO,01-09-23,0,0
Bosnia and Herzegovina,BIH,EURO,01-10-23,0,0
Bosnia and Herzegovina,BIH,EURO,01-11-23,0,0
Bosnia and Herzegovina,BIH,EURO,01-12-23,0,0
Bosnia and Herzegovina,BIH,EURO,01-01-24,0,0
Bosnia and Herzegovina,BIH,EURO,01-02-24,0,0
Bosnia and Herzegovina,BIH,EURO,01-03-24,0,0
Bosnia and Herzegovina,BIH,EURO,01-04-24,0,0
Bosnia and Herzegovina,BIH,EURO,01-05-24,0,0
Brazil,BRA,AMRO,01-06-22,63,0
Brazil,BRA,AMRO,01-07-22,915,0
Brazil,BRA,AMRO,01-08-22,4219,2
Brazil,BRA,AMRO,01-09-22,2672,0
Brazil,BRA,AMRO,01-10-22,1314,6
Brazil,BRA,AMRO,01-11-22,917,6
Brazil,BRA,AMRO,01-12-22,411,0
Brazil,BRA,AMRO,01-01-23,247,1
Brazil,BRA,AMRO,01-02-23,104,0
Brazil,BRA,AMRO,01-03-23,28,0
Brazil,BRA,AMRO,01-04-23,25,1
Brazil,BRA,AMRO,01-05-23,33,0
Brazil,BRA,AMRO,01-06-23,13,0
Brazil,BRA,AMRO,01-07-23,6,0
Brazil,BRA,AMRO,01-08-23,0,0
Brazil,BRA,AMRO,01-09-23,0,0
Brazil,BRA,AMRO,01-10-23,0,0
Brazil,BRA,AMRO,01-11-23,54,0
Brazil,BRA,AMRO,01-12-23,85,0
Brazil,BRA,AMRO,01-01-24,106,0
Brazil,BRA,AMRO,01-02-24,0,0
Brazil,BRA,AMRO,01-03-24,0,0
Brazil,BRA,AMRO,01-04-24,0,0
Brazil,BRA,AMRO,01-05-24,0,0
Bulgaria,BGR,EURO,01-06-22,3,0
Bulgaria,BGR,EURO,01-07-22,1,0
Bulgaria,BGR,EURO,01-08-22,0,0
Bulgaria,BGR,EURO,01-09-22,2,0
Bulgaria,BGR,EURO,01-10-22,0,0
Bulgaria,BGR,EURO,01-11-22,0,0
Bulgaria,BGR,EURO,01-12-22,0,0
Bulgaria,BGR,EURO,01-01-23,0,0
Bulgaria,BGR,EURO,01-02-23,0,0
Bulgaria,BGR,EURO,01-03-23,0,0
Bulgaria,BGR,EURO,01-04-23,0,0
Bulgaria,BGR,EURO,01-05-23,0,0
Bulgaria,BGR,EURO,01-06-23,0,0
Bulgaria,BGR,EURO,01-07-23,0,0
Bulgaria,BGR,EURO,01-08-23,0,0
Bulgaria,BGR,EURO,01-09-23,0,0
Bulgaria,BGR,EURO,01-10-23,0,0
Bulgaria,BGR,EURO,01-11-23,0,0
Bulgaria,BGR,EURO,01-12-23,0,0
Bulgaria,BGR,EURO,01-01-24,0,0
Bulgaria,BGR,EURO,01-02-24,0,0
Bulgaria,BGR,EURO,01-03-24,0,0
Bulgaria,BGR,EURO,01-04-24,0,0
Bulgaria,BGR,EURO,01-05-24,1,0
Cambodia,KHM,WPRO,01-12-23,1,0
Cambodia,KHM,WPRO,01-01-24,2,0
Cambodia,KHM,WPRO,01-02-24,10,0
Cameroon,CMR,AFRO,01-03-22,3,1
Cameroon,CMR,AFRO,01-04-22,1,0
Cameroon,CMR,AFRO,01-05-22,0,0
Cameroon,CMR,AFRO,01-06-22,2,0
Cameroon,CMR,AFRO,01-07-22,2,0
Cameroon,CMR,AFRO,01-08-22,0,2
Cameroon,CMR,AFRO,01-09-22,2,0
Cameroon,CMR,AFRO,01-10-22,6,0
Cameroon,CMR,AFRO,01-11-22,2,0
Cameroon,CMR,AFRO,01-12-22,0,0
Cameroon,CMR,AFRO,01-01-23,0,0
Cameroon,CMR,AFRO,01-02-23,0,0
Cameroon,CMR,AFRO,01-03-23,0,0
Cameroon,CMR,AFRO,01-04-23,0,0
Cameroon,CMR,AFRO,01-05-23,13,0
Cameroon,CMR,AFRO,01-06-23,10,0
Cameroon,CMR,AFRO,01-07-23,2,0
Cameroon,CMR,AFRO,01-08-23,0,0
Cameroon,CMR,AFRO,01-09-23,1,0
Cameroon,CMR,AFRO,01-10-23,1,0
Cameroon,CMR,AFRO,01-11-23,0,0
Cameroon,CMR,AFRO,01-12-23,0,0
Cameroon,CMR,AFRO,01-01-24,2,1
Cameroon,CMR,AFRO,01-02-24,0,0
Cameroon,CMR,AFRO,01-03-24,4,0
Cameroon,CMR,AFRO,01-04-24,3,1
Cameroon,CMR,AFRO,01-05-24,0,0
Canada,CAN,AMRO,01-04-22,2,0
Canada,CAN,AMRO,01-05-22,149,0
Canada,CAN,AMRO,01-06-22,365,0
Canada,CAN,AMRO,01-07-22,470,0
Canada,CAN,AMRO,01-08-22,325,0
Canada,CAN,AMRO,01-09-22,61,0
Canada,CAN,AMRO,01-10-22,15,0
Canada,CAN,AMRO,01-11-22,10,0
Canada,CAN,AMRO,01-12-22,4,0
Canada,CAN,AMRO,01-01-23,7,0
Canada,CAN,AMRO,01-02-23,11,0
Canada,CAN,AMRO,01-03-23,5,0
Canada,CAN,AMRO,01-04-23,7,0
Canada,CAN,AMRO,01-05-23,9,0
Canada,CAN,AMRO,01-06-23,4,0
Canada,CAN,AMRO,01-07-23,3,0
Canada,CAN,AMRO,01-08-23,4,0
Canada,CAN,AMRO,01-09-23,6,0
Canada,CAN,AMRO,01-10-23,3,0
Canada,CAN,AMRO,01-11-23,7,0
Canada,CAN,AMRO,01-12-23,3,0
Canada,CAN,AMRO,01-01-24,8,0
Canada,CAN,AMRO,01-02-24,23,0
Canada,CAN,AMRO,01-03-24,11,0
Canada,CAN,AMRO,01-04-24,13,0
Canada,CAN,AMRO,01-05-24,7,0
Central African Republic,CAF,AFRO,01-01-22,1,0
Central African Republic,CAF,AFRO,01-02-22,2,0
Central African Republic,CAF,AFRO,01-03-22,1,0
Central African Republic,CAF,AFRO,01-04-22,0,0
Central African Republic,CAF,AFRO,01-05-22,0,0
Central African Republic,CAF,AFRO,01-06-22,0,0
Central African Republic,CAF,AFRO,01-07-22,3,0
Central African Republic,CAF,AFRO,01-08-22,1,0
Central African Republic,CAF,AFRO,01-09-22,2,0
Central African Republic,CAF,AFRO,01-10-22,3,0
Central African Republic,CAF,AFRO,01-11-22,0,0
Central African Republic,CAF,AFRO,01-12-22,3,0
Central African Republic,CAF,AFRO,01-01-23,6,0
Central African Republic,CAF,AFRO,01-02-23,4,1
Central African Republic,CAF,AFRO,01-03-23,4,0
Central African Republic,CAF,AFRO,01-04-23,0,0
Central African Republic,CAF,AFRO,01-05-23,0,0
Central African Republic,CAF,AFRO,01-06-23,0,0
Central African Republic,CAF,AFRO,01-07-23,0,0
Central African Republic,CAF,AFRO,01-08-23,0,0
Central African Republic,CAF,AFRO,01-09-23,0,0
Central African Republic,CAF,AFRO,01-10-23,0,0
Central African Republic,CAF,AFRO,01-11-23,0,0
Central African Republic,CAF,AFRO,01-12-23,3,0
Central African Republic,CAF,AFRO,01-01-24,5,0
Central African Republic,CAF,AFRO,01-02-24,7,0
Central African Republic,CAF,AFRO,01-03-24,6,0
Central African Republic,CAF,AFRO,01-04-24,1,0
Central African Republic,CAF,AFRO,01-05-24,0,0
Chile,CHL,AMRO,01-06-22,6,0
Chile,CHL,AMRO,01-07-22,49,0
Chile,CHL,AMRO,01-08-22,326,0
Chile,CHL,AMRO,01-09-22,499,0
Chile,CHL,AMRO,01-10-22,269,0
Chile,CHL,AMRO,01-11-22,163,2
Chile,CHL,AMRO,01-12-22,65,0
Chile,CHL,AMRO,01-01-23,40,0
Chile,CHL,AMRO,01-02-23,15,0
Chile,CHL,AMRO,01-03-23,7,0
Chile,CHL,AMRO,01-04-23,1,0
Chile,CHL,AMRO,01-05-23,1,0
Chile,CHL,AMRO,01-06-23,0,0
Chile,CHL,AMRO,01-07-23,1,1
Chile,CHL,AMRO,01-08-23,0,0
Chile,CHL,AMRO,01-09-23,0,0
Chile,CHL,AMRO,01-10-23,3,0
Chile,CHL,AMRO,01-11-23,2,0
Chile,CHL,AMRO,01-12-23,2,0
Chile,CHL,AMRO,01-01-24,0,0
Chile,CHL,AMRO,01-02-24,0,0
Chile,CHL,AMRO,01-03-24,0,0
Chile,CHL,AMRO,01-04-24,0,0
Chile,CHL,AMRO,01-05-24,0,0
China,CHN,WPRO,01-06-22,1,0
China,CHN,WPRO,01-07-22,1,0
China,CHN,WPRO,01-08-22,1,0
China,CHN,WPRO,01-09-22,2,0
China,CHN,WPRO,01-10-22,1,0
China,CHN,WPRO,01-02-23,2,0
China,CHN,WPRO,01-03-23,16,0
China,CHN,WPRO,01-04-23,31,0
China,CHN,WPRO,01-05-23,81,0
China,CHN,WPRO,01-06-23,161,0
China,CHN,WPRO,01-07-23,576,0
China,CHN,WPRO,01-08-23,556,0
China,CHN,WPRO,01-09-23,365,0
China,CHN,WPRO,01-10-23,141,0
China,CHN,WPRO,01-11-23,89,1
China,CHN,WPRO,01-12-23,103,0
China,CHN,WPRO,01-01-24,100,0
China,CHN,WPRO,01-02-24,73,0
China,CHN,WPRO,01-03-24,54,0
China,CHN,WPRO,01-04-24,42,0
China,CHN,WPRO,01-05-24,7,0
Colombia,COL,AMRO,01-05-22,2,0
Colombia,COL,AMRO,01-06-22,4,0
Colombia,COL,AMRO,01-07-22,57,0
Colombia,COL,AMRO,01-08-22,1476,0
Colombia,COL,AMRO,01-09-22,1526,0
Colombia,COL,AMRO,01-10-22,674,0
Colombia,COL,AMRO,01-11-22,263,0
Colombia,COL,AMRO,01-12-22,57,0
Colombia,COL,AMRO,01-01-23,21,0
Colombia,COL,AMRO,01-02-23,8,0
Colombia,COL,AMRO,01-03-23,1,0
Colombia,COL,AMRO,01-04-23,0,0
Colombia,COL,AMRO,01-05-23,2,0
Colombia,COL,AMRO,01-06-23,0,0
Colombia,COL,AMRO,01-07-23,1,0
Colombia,COL,AMRO,01-08-23,5,0
Colombia,COL,AMRO,01-09-23,2,0
Colombia,COL,AMRO,01-10-23,15,0
Colombia,COL,AMRO,01-11-23,10,0
Colombia,COL,AMRO,01-12-23,24,0
Colombia,COL,AMRO,01-01-24,40,0
Colombia,COL,AMRO,01-02-24,15,0
Colombia,COL,AMRO,01-03-24,12,0
Colombia,COL,AMRO,01-04-24,23,0
Colombia,COL,AMRO,01-05-24,0,0
Congo,COG,AFRO,01-04-22,2,0
Congo,COG,AFRO,01-05-22,0,0
Congo,COG,AFRO,01-06-22,0,0
Congo,COG,AFRO,01-07-22,0,0
Congo,COG,AFRO,01-08-22,1,0
Congo,COG,AFRO,01-09-22,2,0
Congo,COG,AFRO,01-10-22,0,0
Congo,COG,AFRO,01-11-22,0,0
Congo,COG,AFRO,01-12-22,0,0
Congo,COG,AFRO,01-01-23,0,0
Congo,COG,AFRO,01-02-23,0,0
Congo,COG,AFRO,01-03-23,0,0
Congo,COG,AFRO,01-04-23,0,0
Congo,COG,AFRO,01-05-23,0,0
Congo,COG,AFRO,01-06-23,0,0
Congo,COG,AFRO,01-07-23,0,0
Congo,COG,AFRO,01-08-23,7,0
Congo,COG,AFRO,01-09-23,6,0
Congo,COG,AFRO,01-10-23,7,2
Congo,COG,AFRO,01-11-23,1,0
Congo,COG,AFRO,01-12-23,0,0
Congo,COG,AFRO,01-01-24,4,0
Congo,COG,AFRO,01-02-24,9,0
Congo,COG,AFRO,01-03-24,15,0
Congo,COG,AFRO,01-04-24,1,0
Congo,COG,AFRO,01-05-24,0,0
Costa Rica,CRI,AMRO,01-07-22,3,0
Costa Rica,CRI,AMRO,01-08-22,0,0
Costa Rica,CRI,AMRO,01-09-22,1,0
Costa Rica,CRI,AMRO,01-10-22,4,0
Costa Rica,CRI,AMRO,01-11-22,16,0
Costa Rica,CRI,AMRO,01-12-22,46,0
Costa Rica,CRI,AMRO,01-01-23,70,0
Costa Rica,CRI,AMRO,01-02-23,62,0
Costa Rica,CRI,AMRO,01-03-23,15,0
Costa Rica,CRI,AMRO,01-04-23,4,0
Costa Rica,CRI,AMRO,01-05-23,2,0
Costa Rica,CRI,AMRO,01-06-23,2,0
Costa Rica,CRI,AMRO,01-07-23,0,0
Costa Rica,CRI,AMRO,01-08-23,0,0
Costa Rica,CRI,AMRO,01-09-23,0,0
Costa Rica,CRI,AMRO,01-10-23,0,0
Costa Rica,CRI,AMRO,01-11-23,0,0
Costa Rica,CRI,AMRO,01-12-23,0,0
Costa Rica,CRI,AMRO,01-01-24,0,0
Costa Rica,CRI,AMRO,01-02-24,0,0
Costa Rica,CRI,AMRO,01-03-24,0,0
Costa Rica,CRI,AMRO,01-04-24,0,0
Costa Rica,CRI,AMRO,01-05-24,0,0
Croatia,HRV,EURO,01-06-22,1,0
Croatia,HRV,EURO,01-07-22,10,0
Croatia,HRV,EURO,01-08-22,15,0
Croatia,HRV,EURO,01-09-22,3,0
Croatia,HRV,EURO,01-10-22,0,0
Croatia,HRV,EURO,01-11-22,0,0
Croatia,HRV,EURO,01-12-22,0,0
Croatia,HRV,EURO,01-01-23,4,0
Croatia,HRV,EURO,01-02-23,0,0
Croatia,HRV,EURO,01-03-23,0,0
Croatia,HRV,EURO,01-04-23,0,0
Croatia,HRV,EURO,01-05-23,0,0
Croatia,HRV,EURO,01-06-23,0,0
Croatia,HRV,EURO,01-07-23,0,0
Croatia,HRV,EURO,01-08-23,0,0
Croatia,HRV,EURO,01-09-23,0,0
Croatia,HRV,EURO,01-10-23,0,0
Croatia,HRV,EURO,01-11-23,0,0
Croatia,HRV,EURO,01-12-23,0,0
Croatia,HRV,EURO,01-01-24,0,0
Croatia,HRV,EURO,01-02-24,0,0
Croatia,HRV,EURO,01-03-24,0,0
Croatia,HRV,EURO,01-04-24,1,0
Croatia,HRV,EURO,01-05-24,0,0
Cuba,CUB,AMRO,01-08-22,2,1
Cuba,CUB,AMRO,01-09-22,1,0
Cuba,CUB,AMRO,01-10-22,1,0
Cuba,CUB,AMRO,01-11-22,4,0
Cuba,CUB,AMRO,01-12-22,0,0
Cuba,CUB,AMRO,01-01-23,0,0
Cuba,CUB,AMRO,01-02-23,0,0
Cuba,CUB,AMRO,01-03-23,0,0
Cuba,CUB,AMRO,01-04-23,0,0
Cuba,CUB,AMRO,01-05-23,0,0
Cuba,CUB,AMRO,01-06-23,0,0
Cuba,CUB,AMRO,01-07-23,0,0
Cuba,CUB,AMRO,01-08-23,0,0
Cuba,CUB,AMRO,01-09-23,0,0
Cuba,CUB,AMRO,01-10-23,0,0
Cuba,CUB,AMRO,01-11-23,0,0
Cuba,CUB,AMRO,01-12-23,0,0
Cuba,CUB,AMRO,01-01-24,0,0
Cuba,CUB,AMRO,01-02-24,0,0
Cuba,CUB,AMRO,01-03-24,0,0
Cuba,CUB,AMRO,01-04-24,0,0
Cuba,CUB,AMRO,01-05-24,0,0
Curaï¿½ï,CUW,AMRO,01-08-22,1,0
Curaï¿½ï,CUW,AMRO,01-09-22,2,0
Curaï¿½ï,CUW,AMRO,01-10-22,0,0
Curaï¿½ï,CUW,AMRO,01-11-22,0,0
Curaï¿½ï,CUW,AMRO,01-12-22,0,0
Curaï¿½ï,CUW,AMRO,01-01-23,0,0
Curaï¿½ï,CUW,AMRO,01-02-23,0,0
Curaï¿½ï,CUW,AMRO,01-03-23,0,0
Curaï¿½ï,CUW,AMRO,01-04-23,0,0
Curaï¿½ï,CUW,AMRO,01-05-23,0,0
Curaï¿½ï,CUW,AMRO,01-06-23,0,0
Curaï¿½ï,CUW,AMRO,01-07-23,0,0
Curaï¿½ï,CUW,AMRO,01-08-23,0,0
Curaï¿½ï,CUW,AMRO,01-09-23,0,0
Curaï¿½ï,CUW,AMRO,01-10-23,0,0
Curaï¿½ï,CUW,AMRO,01-11-23,0,0
Curaï¿½ï,CUW,AMRO,01-12-23,0,0
Curaï¿½ï,CUW,AMRO,01-01-24,0,0
Curaï¿½ï,CUW,AMRO,01-02-24,0,0
Curaï¿½ï,CUW,AMRO,01-03-24,0,0
Curaï¿½ï,CUW,AMRO,01-04-24,0,0
Curaï¿½ï,CUW,AMRO,01-05-24,0,0
Cyprus,CYP,EURO,01-08-22,5,0
Cyprus,CYP,EURO,01-09-22,0,0
Cyprus,CYP,EURO,01-10-22,0,0
Cyprus,CYP,EURO,01-11-22,0,0
Cyprus,CYP,EURO,01-12-22,0,0
Cyprus,CYP,EURO,01-01-23,0,0
Cyprus,CYP,EURO,01-02-23,0,0
Cyprus,CYP,EURO,01-03-23,0,0
Cyprus,CYP,EURO,01-04-23,0,0
Cyprus,CYP,EURO,01-05-23,0,0
Cyprus,CYP,EURO,01-06-23,0,0
Cyprus,CYP,EURO,01-07-23,0,0
Cyprus,CYP,EURO,01-08-23,0,0
Cyprus,CYP,EURO,01-09-23,0,0
Cyprus,CYP,EURO,01-10-23,0,0
Cyprus,CYP,EURO,01-11-23,0,0
Cyprus,CYP,EURO,01-12-23,0,0
Cyprus,CYP,EURO,01-01-24,0,0
Cyprus,CYP,EURO,01-02-24,0,0
Cyprus,CYP,EURO,01-03-24,0,0
Cyprus,CYP,EURO,01-04-24,0,0
Cyprus,CYP,EURO,01-05-24,0,0
Czechia,CZE,EURO,01-05-22,5,0
Czechia,CZE,EURO,01-06-22,3,0
Czechia,CZE,EURO,01-07-22,8,0
Czechia,CZE,EURO,01-08-22,32,0
Czechia,CZE,EURO,01-09-22,19,1
Czechia,CZE,EURO,01-10-22,3,0
Czechia,CZE,EURO,01-11-22,0,0
Czechia,CZE,EURO,01-12-22,1,0
Czechia,CZE,EURO,01-01-23,0,0
Czechia,CZE,EURO,01-02-23,0,0
Czechia,CZE,EURO,01-03-23,0,0
Czechia,CZE,EURO,01-04-23,0,0
Czechia,CZE,EURO,01-05-23,0,0
Czechia,CZE,EURO,01-06-23,0,0
Czechia,CZE,EURO,01-07-23,0,0
Czechia,CZE,EURO,01-08-23,0,0
Czechia,CZE,EURO,01-09-23,0,0
Czechia,CZE,EURO,01-10-23,0,0
Czechia,CZE,EURO,01-11-23,0,0
Czechia,CZE,EURO,01-12-23,0,0
Czechia,CZE,EURO,01-01-24,1,0
Czechia,CZE,EURO,01-02-24,6,0
Czechia,CZE,EURO,01-03-24,0,0
Czechia,CZE,EURO,01-04-24,3,0
Czechia,CZE,EURO,01-05-24,1,0
Democratic Republic of the Congo,COD,AFRO,01-05-22,10,0
Democratic Republic of the Congo,COD,AFRO,01-06-22,90,0
Democratic Republic of the Congo,COD,AFRO,01-07-22,0,0
Democratic Republic of the Congo,COD,AFRO,01-08-22,74,0
Democratic Republic of the Congo,COD,AFRO,01-09-22,28,0
Democratic Republic of the Congo,COD,AFRO,01-10-22,49,0
Democratic Republic of the Congo,COD,AFRO,01-11-22,21,0
Democratic Republic of the Congo,COD,AFRO,01-12-22,7,0
Democratic Republic of the Congo,COD,AFRO,01-01-23,98,0
Democratic Republic of the Congo,COD,AFRO,01-02-23,43,0
Democratic Republic of the Congo,COD,AFRO,01-03-23,33,0
Democratic Republic of the Congo,COD,AFRO,01-04-23,105,0
Democratic Republic of the Congo,COD,AFRO,01-05-23,85,2
Democratic Republic of the Congo,COD,AFRO,01-06-23,116,0
Democratic Republic of the Congo,COD,AFRO,01-07-23,75,0
Democratic Republic of the Congo,COD,AFRO,01-08-23,46,0
Democratic Republic of the Congo,COD,AFRO,01-09-23,45,0
Democratic Republic of the Congo,COD,AFRO,01-10-23,121,0
Democratic Republic of the Congo,COD,AFRO,01-11-23,125,0
Democratic Republic of the Congo,COD,AFRO,01-12-23,74,0
Democratic Republic of the Congo,COD,AFRO,01-01-24,146,1
Democratic Republic of the Congo,COD,AFRO,01-02-24,214,0
Democratic Republic of the Congo,COD,AFRO,01-03-24,158,1
Democratic Republic of the Congo,COD,AFRO,01-04-24,157,0
Democratic Republic of the Congo,COD,AFRO,01-05-24,277,4
Denmark,DNK,EURO,01-05-22,2,0
Denmark,DNK,EURO,01-06-22,18,0
Denmark,DNK,EURO,01-07-22,61,0
Denmark,DNK,EURO,01-08-22,93,0
Denmark,DNK,EURO,01-09-22,11,0
Denmark,DNK,EURO,01-10-22,6,0
Denmark,DNK,EURO,01-11-22,0,0
Denmark,DNK,EURO,01-12-22,1,0
Denmark,DNK,EURO,01-01-23,4,0
Denmark,DNK,EURO,01-02-23,0,0
Denmark,DNK,EURO,01-03-23,0,0
Denmark,DNK,EURO,01-04-23,0,0
Denmark,DNK,EURO,01-05-23,0,0
Denmark,DNK,EURO,01-06-23,0,0
Denmark,DNK,EURO,01-07-23,0,0
Denmark,DNK,EURO,01-08-23,0,0
Denmark,DNK,EURO,01-09-23,2,0
Denmark,DNK,EURO,01-10-23,0,0
Denmark,DNK,EURO,01-11-23,0,0
Denmark,DNK,EURO,01-12-23,0,0
Denmark,DNK,EURO,01-01-24,0,0
Denmark,DNK,EURO,01-02-24,0,0
Denmark,DNK,EURO,01-03-24,0,0
Denmark,DNK,EURO,01-04-24,0,0
Denmark,DNK,EURO,01-05-24,0,0
Dominican Republic,DOM,AMRO,01-07-22,3,0
Dominican Republic,DOM,AMRO,01-08-22,4,0
Dominican Republic,DOM,AMRO,01-09-22,24,0
Dominican Republic,DOM,AMRO,01-10-22,21,0
Dominican Republic,DOM,AMRO,01-11-22,0,0
Dominican Republic,DOM,AMRO,01-12-22,0,0
Dominican Republic,DOM,AMRO,01-01-23,0,0
Dominican Republic,DOM,AMRO,01-02-23,0,0
Dominican Republic,DOM,AMRO,01-03-23,0,0
Dominican Republic,DOM,AMRO,01-04-23,0,0
Dominican Republic,DOM,AMRO,01-05-23,0,0
Dominican Republic,DOM,AMRO,01-06-23,0,0
Dominican Republic,DOM,AMRO,01-07-23,0,0
Dominican Republic,DOM,AMRO,01-08-23,0,0
Dominican Republic,DOM,AMRO,01-09-23,0,0
Dominican Republic,DOM,AMRO,01-10-23,0,0
Dominican Republic,DOM,AMRO,01-11-23,0,0
Dominican Republic,DOM,AMRO,01-12-23,0,0
Dominican Republic,DOM,AMRO,01-01-24,0,0
Dominican Republic,DOM,AMRO,01-02-24,0,0
Dominican Republic,DOM,AMRO,01-03-24,0,0
Dominican Republic,DOM,AMRO,01-04-24,0,0
Dominican Republic,DOM,AMRO,01-05-24,0,0
Ecuador,ECU,AMRO,01-07-22,3,0
Ecuador,ECU,AMRO,01-08-22,50,0
Ecuador,ECU,AMRO,01-09-22,67,0
Ecuador,ECU,AMRO,01-10-22,123,0
Ecuador,ECU,AMRO,01-11-22,103,0
Ecuador,ECU,AMRO,01-12-22,95,2
Ecuador,ECU,AMRO,01-01-23,42,0
Ecuador,ECU,AMRO,01-02-23,29,1
Ecuador,ECU,AMRO,01-03-23,18,0
Ecuador,ECU,AMRO,01-04-23,3,0
Ecuador,ECU,AMRO,01-05-23,0,0
Ecuador,ECU,AMRO,01-06-23,0,0
Ecuador,ECU,AMRO,01-07-23,24,0
Ecuador,ECU,AMRO,01-08-23,0,0
Ecuador,ECU,AMRO,01-09-23,0,0
Ecuador,ECU,AMRO,01-10-23,0,0
Ecuador,ECU,AMRO,01-11-23,0,0
Ecuador,ECU,AMRO,01-12-23,0,0
Ecuador,ECU,AMRO,01-01-24,0,0
Ecuador,ECU,AMRO,01-02-24,0,0
Ecuador,ECU,AMRO,01-03-24,0,0
Ecuador,ECU,AMRO,01-04-24,0,0
Ecuador,ECU,AMRO,01-05-24,0,0
Egypt,EGY,EMRO,01-09-22,1,0
Egypt,EGY,EMRO,01-12-22,2,0
El Salvador,SLV,AMRO,01-08-22,1,0
El Salvador,SLV,AMRO,01-09-22,6,0
El Salvador,SLV,AMRO,01-10-22,6,0
El Salvador,SLV,AMRO,01-11-22,8,0
El Salvador,SLV,AMRO,01-12-22,48,0
El Salvador,SLV,AMRO,01-01-23,19,0
El Salvador,SLV,AMRO,01-02-23,10,0
El Salvador,SLV,AMRO,01-03-23,0,0
El Salvador,SLV,AMRO,01-04-23,6,0
El Salvador,SLV,AMRO,01-05-23,0,0
El Salvador,SLV,AMRO,01-06-23,0,0
El Salvador,SLV,AMRO,01-07-23,0,0
El Salvador,SLV,AMRO,01-08-23,0,0
El Salvador,SLV,AMRO,01-09-23,0,0
El Salvador,SLV,AMRO,01-10-23,0,0
El Salvador,SLV,AMRO,01-11-23,0,0
El Salvador,SLV,AMRO,01-12-23,0,0
El Salvador,SLV,AMRO,01-01-24,0,0
El Salvador,SLV,AMRO,01-02-24,0,0
El Salvador,SLV,AMRO,01-03-24,0,0
El Salvador,SLV,AMRO,01-04-24,0,0
El Salvador,SLV,AMRO,01-05-24,0,0
Estonia,EST,EURO,01-06-22,1,0
Estonia,EST,EURO,01-07-22,4,0
Estonia,EST,EURO,01-08-22,5,0
Estonia,EST,EURO,01-09-22,1,0
Estonia,EST,EURO,01-10-22,0,0
Estonia,EST,EURO,01-11-22,0,0
Estonia,EST,EURO,01-12-22,0,0
Estonia,EST,EURO,01-01-23,0,0
Estonia,EST,EURO,01-02-23,0,0
Estonia,EST,EURO,01-03-23,0,0
Estonia,EST,EURO,01-04-23,0,0
Estonia,EST,EURO,01-05-23,0,0
Estonia,EST,EURO,01-06-23,0,0
Estonia,EST,EURO,01-07-23,0,0
Estonia,EST,EURO,01-08-23,0,0
Estonia,EST,EURO,01-09-23,0,0
Estonia,EST,EURO,01-10-23,0,0
Estonia,EST,EURO,01-11-23,0,0
Estonia,EST,EURO,01-12-23,0,0
Estonia,EST,EURO,01-01-24,0,0
Estonia,EST,EURO,01-02-24,0,0
Estonia,EST,EURO,01-03-24,0,0
Estonia,EST,EURO,01-04-24,0,0
Estonia,EST,EURO,01-05-24,0,0
Finland,FIN,EURO,01-05-22,1,0
Finland,FIN,EURO,01-06-22,3,0
Finland,FIN,EURO,01-07-22,13,0
Finland,FIN,EURO,01-08-22,5,0
Finland,FIN,EURO,01-09-22,18,0
Finland,FIN,EURO,01-10-22,1,0
Finland,FIN,EURO,01-11-22,1,0
Finland,FIN,EURO,01-12-22,0,0
Finland,FIN,EURO,01-01-23,0,0
Finland,FIN,EURO,01-02-23,0,0
Finland,FIN,EURO,01-03-23,0,0
Finland,FIN,EURO,01-04-23,0,0
Finland,FIN,EURO,01-05-23,0,0
Finland,FIN,EURO,01-06-23,0,0
Finland,FIN,EURO,01-07-23,0,0
Finland,FIN,EURO,01-08-23,0,0
Finland,FIN,EURO,01-09-23,0,0
Finland,FIN,EURO,01-10-23,1,0
Finland,FIN,EURO,01-11-23,0,0
Finland,FIN,EURO,01-12-23,0,0
Finland,FIN,EURO,01-01-24,-1,0
Finland,FIN,EURO,01-02-24,1,0
Finland,FIN,EURO,01-03-24,0,0
Finland,FIN,EURO,01-04-24,0,0
Finland,FIN,EURO,01-05-24,0,0
France,FRA,EURO,01-05-22,17,0
France,FRA,EURO,01-06-22,481,0
France,FRA,EURO,01-07-22,1339,0
France,FRA,EURO,01-08-22,1710,0
France,FRA,EURO,01-09-22,452,0
France,FRA,EURO,01-10-22,95,0
France,FRA,EURO,01-11-22,13,0
France,FRA,EURO,01-12-22,7,0
France,FRA,EURO,01-01-23,14,0
France,FRA,EURO,01-02-23,0,0
France,FRA,EURO,01-03-23,0,0
France,FRA,EURO,01-04-23,16,0
France,FRA,EURO,01-05-23,2,0
France,FRA,EURO,01-06-23,0,0
France,FRA,EURO,01-07-23,1,0
France,FRA,EURO,01-08-23,3,0
France,FRA,EURO,01-09-23,8,0
France,FRA,EURO,01-10-23,3,0
France,FRA,EURO,01-11-23,3,0
France,FRA,EURO,01-12-23,7,0
France,FRA,EURO,01-01-24,8,0
France,FRA,EURO,01-02-24,16,0
France,FRA,EURO,01-03-24,11,0
France,FRA,EURO,01-04-24,12,0
France,FRA,EURO,01-05-24,31,0
Georgia,GEO,EURO,01-06-22,1,0
Georgia,GEO,EURO,01-07-22,0,0
Georgia,GEO,EURO,01-08-22,1,0
Georgia,GEO,EURO,01-09-22,0,0
Georgia,GEO,EURO,01-10-22,0,0
Georgia,GEO,EURO,01-11-22,0,0
Georgia,GEO,EURO,01-12-22,0,0
Georgia,GEO,EURO,01-01-23,0,0
Georgia,GEO,EURO,01-02-23,0,0
Georgia,GEO,EURO,01-03-23,0,0
Georgia,GEO,EURO,01-04-23,0,0
Georgia,GEO,EURO,01-05-23,0,0
Georgia,GEO,EURO,01-06-23,0,0
Georgia,GEO,EURO,01-07-23,0,0
Georgia,GEO,EURO,01-08-23,0,0
Georgia,GEO,EURO,01-09-23,0,0
Georgia,GEO,EURO,01-10-23,0,0
Georgia,GEO,EURO,01-11-23,0,0
Georgia,GEO,EURO,01-12-23,0,0
Georgia,GEO,EURO,01-01-24,0,0
Georgia,GEO,EURO,01-02-24,0,0
Georgia,GEO,EURO,01-03-24,0,0
Georgia,GEO,EURO,01-04-24,0,0
Georgia,GEO,EURO,01-05-24,0,0
Germany,DEU,EURO,01-05-22,33,0
Germany,DEU,EURO,01-06-22,936,0
Germany,DEU,EURO,01-07-22,1626,0
Germany,DEU,EURO,01-08-22,872,0
Germany,DEU,EURO,01-09-22,158,0
Germany,DEU,EURO,01-10-22,37,0
Germany,DEU,EURO,01-11-22,9,0
Germany,DEU,EURO,01-12-22,5,0
Germany,DEU,EURO,01-01-23,16,0
Germany,DEU,EURO,01-02-23,0,0
Germany,DEU,EURO,01-03-23,0,0
Germany,DEU,EURO,01-04-23,0,0
Germany,DEU,EURO,01-05-23,-1,0
Germany,DEU,EURO,01-06-23,0,0
Germany,DEU,EURO,01-07-23,0,0
Germany,DEU,EURO,01-08-23,3,0
Germany,DEU,EURO,01-09-23,14,0
Germany,DEU,EURO,01-10-23,49,0
Germany,DEU,EURO,01-11-23,22,0
Germany,DEU,EURO,01-12-23,21,0
Germany,DEU,EURO,01-01-24,7,0
Germany,DEU,EURO,01-02-24,9,0
Germany,DEU,EURO,01-03-24,14,0
Germany,DEU,EURO,01-04-24,11,0
Germany,DEU,EURO,01-05-24,6,0
Ghana,GHA,AFRO,01-02-22,1,0
Ghana,GHA,AFRO,01-03-22,1,0
Ghana,GHA,AFRO,01-04-22,0,0
Ghana,GHA,AFRO,01-05-22,0,0
Ghana,GHA,AFRO,01-06-22,21,0
Ghana,GHA,AFRO,01-07-22,28,1
Ghana,GHA,AFRO,01-08-22,34,3
Ghana,GHA,AFRO,01-09-22,19,0
Ghana,GHA,AFRO,01-10-22,3,0
Ghana,GHA,AFRO,01-11-22,3,0
Ghana,GHA,AFRO,01-12-22,11,0
Ghana,GHA,AFRO,01-01-23,2,0
Ghana,GHA,AFRO,01-02-23,0,0
Ghana,GHA,AFRO,01-03-23,1,0
Ghana,GHA,AFRO,01-04-23,1,0
Ghana,GHA,AFRO,01-05-23,2,0
Ghana,GHA,AFRO,01-06-23,0,0
Ghana,GHA,AFRO,01-07-23,0,0
Ghana,GHA,AFRO,01-08-23,0,0
Ghana,GHA,AFRO,01-09-23,0,0
Ghana,GHA,AFRO,01-10-23,0,0
Ghana,GHA,AFRO,01-11-23,2,0
Ghana,GHA,AFRO,01-12-23,2,0
Ghana,GHA,AFRO,01-01-24,0,0
Ghana,GHA,AFRO,01-02-24,0,0
Ghana,GHA,AFRO,01-03-24,0,0
Ghana,GHA,AFRO,01-04-24,0,0
Gibraltar,GIB,EURO,01-06-22,1,0
Gibraltar,GIB,EURO,01-07-22,4,0
Gibraltar,GIB,EURO,01-08-22,1,0
Gibraltar,GIB,EURO,01-09-22,0,0
Gibraltar,GIB,EURO,01-10-22,0,0
Gibraltar,GIB,EURO,01-11-22,0,0
Gibraltar,GIB,EURO,01-12-22,0,0
Gibraltar,GIB,EURO,01-01-23,0,0
Gibraltar,GIB,EURO,01-02-23,0,0
Gibraltar,GIB,EURO,01-03-23,0,0
Gibraltar,GIB,EURO,01-04-23,0,0
Gibraltar,GIB,EURO,01-05-23,0,0
Gibraltar,GIB,EURO,01-06-23,0,0
Gibraltar,GIB,EURO,01-07-23,0,0
Gibraltar,GIB,EURO,01-08-23,0,0
Gibraltar,GIB,EURO,01-09-23,0,0
Gibraltar,GIB,EURO,01-10-23,0,0
Gibraltar,GIB,EURO,01-11-23,0,0
Gibraltar,GIB,EURO,01-12-23,0,0
Gibraltar,GIB,EURO,01-01-24,0,0
Gibraltar,GIB,EURO,01-02-24,0,0
Gibraltar,GIB,EURO,01-03-24,0,0
Gibraltar,GIB,EURO,01-04-24,0,0
Gibraltar,GIB,EURO,01-05-24,0,0
Greece,GRC,EURO,01-06-22,3,0
Greece,GRC,EURO,01-07-22,29,0
Greece,GRC,EURO,01-08-22,24,0
Greece,GRC,EURO,01-09-22,24,0
Greece,GRC,EURO,01-10-22,4,0
Greece,GRC,EURO,01-11-22,1,0
Greece,GRC,EURO,01-12-22,0,0
Greece,GRC,EURO,01-01-23,1,0
Greece,GRC,EURO,01-02-23,0,0
Greece,GRC,EURO,01-03-23,1,0
Greece,GRC,EURO,01-04-23,0,0
Greece,GRC,EURO,01-05-23,1,0
Greece,GRC,EURO,01-06-23,0,0
Greece,GRC,EURO,01-07-23,0,0
Greece,GRC,EURO,01-08-23,0,0
Greece,GRC,EURO,01-09-23,0,0
Greece,GRC,EURO,01-10-23,0,0
Greece,GRC,EURO,01-11-23,1,0
Greece,GRC,EURO,01-12-23,0,0
Greece,GRC,EURO,01-01-24,2,0
Greece,GRC,EURO,01-02-24,0,0
Greece,GRC,EURO,01-03-24,1,0
Greece,GRC,EURO,01-04-24,6,0
Greece,GRC,EURO,01-05-24,1,0
Greenland,GRL,EURO,01-08-22,2,0
Greenland,GRL,EURO,01-09-22,0,0
Greenland,GRL,EURO,01-10-22,0,0
Greenland,GRL,EURO,01-11-22,0,0
Greenland,GRL,EURO,01-12-22,0,0
Greenland,GRL,EURO,01-01-23,0,0
Greenland,GRL,EURO,01-02-23,0,0
Greenland,GRL,EURO,01-03-23,0,0
Greenland,GRL,EURO,01-04-23,0,0
Greenland,GRL,EURO,01-05-23,0,0
Greenland,GRL,EURO,01-06-23,0,0
Greenland,GRL,EURO,01-07-23,0,0
Greenland,GRL,EURO,01-08-23,0,0
Greenland,GRL,EURO,01-09-23,0,0
Greenland,GRL,EURO,01-10-23,0,0
Greenland,GRL,EURO,01-11-23,0,0
Greenland,GRL,EURO,01-12-23,0,0
Greenland,GRL,EURO,01-01-24,0,0
Greenland,GRL,EURO,01-02-24,0,0
Greenland,GRL,EURO,01-03-24,0,0
Greenland,GRL,EURO,01-04-24,0,0
Greenland,GRL,EURO,01-05-24,0,0
Guadeloupe,GLP,AMRO,01-08-22,1,0
Guadeloupe,GLP,AMRO,01-09-22,0,0
Guadeloupe,GLP,AMRO,01-10-22,0,0
Guadeloupe,GLP,AMRO,01-11-22,0,0
Guadeloupe,GLP,AMRO,01-12-22,0,0
Guadeloupe,GLP,AMRO,01-01-23,0,0
Guadeloupe,GLP,AMRO,01-02-23,0,0
Guadeloupe,GLP,AMRO,01-03-23,0,0
Guadeloupe,GLP,AMRO,01-04-23,0,0
Guadeloupe,GLP,AMRO,01-05-23,0,0
Guadeloupe,GLP,AMRO,01-06-23,0,0
Guadeloupe,GLP,AMRO,01-07-23,0,0
Guadeloupe,GLP,AMRO,01-08-23,0,0
Guadeloupe,GLP,AMRO,01-09-23,0,0
Guadeloupe,GLP,AMRO,01-10-23,0,0
Guadeloupe,GLP,AMRO,01-11-23,0,0
Guadeloupe,GLP,AMRO,01-12-23,0,0
Guadeloupe,GLP,AMRO,01-01-24,0,0
Guadeloupe,GLP,AMRO,01-02-24,0,0
Guadeloupe,GLP,AMRO,01-03-24,0,0
Guadeloupe,GLP,AMRO,01-04-24,0,0
Guadeloupe,GLP,AMRO,01-05-24,0,0
Guam,GUM,WPRO,01-09-22,1,0
Guatemala,GTM,AMRO,01-08-22,10,0
Guatemala,GTM,AMRO,01-09-22,17,0
Guatemala,GTM,AMRO,01-10-22,47,0
Guatemala,GTM,AMRO,01-11-22,118,0
Guatemala,GTM,AMRO,01-12-22,67,0
Guatemala,GTM,AMRO,01-01-23,101,0
Guatemala,GTM,AMRO,01-02-23,30,0
Guatemala,GTM,AMRO,01-03-23,14,0
Guatemala,GTM,AMRO,01-04-23,0,1
Guatemala,GTM,AMRO,01-05-23,1,0
Guatemala,GTM,AMRO,01-06-23,0,0
Guatemala,GTM,AMRO,01-07-23,0,0
Guatemala,GTM,AMRO,01-08-23,0,0
Guatemala,GTM,AMRO,01-09-23,0,0
Guatemala,GTM,AMRO,01-10-23,0,0
Guatemala,GTM,AMRO,01-11-23,0,0
Guatemala,GTM,AMRO,01-12-23,0,0
Guatemala,GTM,AMRO,01-01-24,0,0
Guatemala,GTM,AMRO,01-02-24,0,0
Guatemala,GTM,AMRO,01-03-24,0,0
Guatemala,GTM,AMRO,01-04-24,0,0
Guatemala,GTM,AMRO,01-05-24,0,0
Guyana,GUY,AMRO,01-08-22,2,0
Guyana,GUY,AMRO,01-09-22,0,0
Guyana,GUY,AMRO,01-10-22,0,0
Guyana,GUY,AMRO,01-11-22,0,0
Guyana,GUY,AMRO,01-12-22,0,0
Guyana,GUY,AMRO,01-01-23,0,0
Guyana,GUY,AMRO,01-02-23,0,0
Guyana,GUY,AMRO,01-03-23,0,0
Guyana,GUY,AMRO,01-04-23,0,0
Guyana,GUY,AMRO,01-05-23,0,0
Guyana,GUY,AMRO,01-06-23,0,0
Guyana,GUY,AMRO,01-07-23,0,0
Guyana,GUY,AMRO,01-08-23,0,0
Guyana,GUY,AMRO,01-09-23,0,0
Guyana,GUY,AMRO,01-10-23,0,0
Guyana,GUY,AMRO,01-11-23,0,0
Guyana,GUY,AMRO,01-12-23,0,0
Guyana,GUY,AMRO,01-01-24,0,0
Guyana,GUY,AMRO,01-02-24,0,0
Guyana,GUY,AMRO,01-03-24,0,0
Guyana,GUY,AMRO,01-04-24,0,0
Guyana,GUY,AMRO,01-05-24,0,0
Honduras,HND,AMRO,01-08-22,4,0
Honduras,HND,AMRO,01-09-22,2,0
Honduras,HND,AMRO,01-10-22,1,0
Honduras,HND,AMRO,01-11-22,4,0
Honduras,HND,AMRO,01-12-22,0,0
Honduras,HND,AMRO,01-01-23,2,0
Honduras,HND,AMRO,01-02-23,8,0
Honduras,HND,AMRO,01-03-23,19,0
Honduras,HND,AMRO,01-04-23,2,0
Honduras,HND,AMRO,01-05-23,2,0
Honduras,HND,AMRO,01-06-23,0,0
Honduras,HND,AMRO,01-07-23,0,0
Honduras,HND,AMRO,01-08-23,0,0
Honduras,HND,AMRO,01-09-23,0,0
Honduras,HND,AMRO,01-10-23,0,0
Honduras,HND,AMRO,01-11-23,0,0
Honduras,HND,AMRO,01-12-23,0,0
Honduras,HND,AMRO,01-01-24,0,0
Honduras,HND,AMRO,01-02-24,0,0
Honduras,HND,AMRO,01-03-24,0,0
Honduras,HND,AMRO,01-04-24,0,0
Honduras,HND,AMRO,01-05-24,0,0
Hungary,HUN,EURO,01-05-22,1,0
Hungary,HUN,EURO,01-06-22,17,0
Hungary,HUN,EURO,01-07-22,19,0
Hungary,HUN,EURO,01-08-22,33,0
Hungary,HUN,EURO,01-09-22,7,0
Hungary,HUN,EURO,01-10-22,3,0
Hungary,HUN,EURO,01-11-22,0,0
Hungary,HUN,EURO,01-12-22,0,0
Hungary,HUN,EURO,01-01-23,0,0
Hungary,HUN,EURO,01-02-23,0,0
Hungary,HUN,EURO,01-03-23,0,0
Hungary,HUN,EURO,01-04-23,0,0
Hungary,HUN,EURO,01-05-23,0,0
Hungary,HUN,EURO,01-06-23,0,0
Hungary,HUN,EURO,01-07-23,0,0
Hungary,HUN,EURO,01-08-23,0,0
Hungary,HUN,EURO,01-09-23,0,0
Hungary,HUN,EURO,01-10-23,1,0
Hungary,HUN,EURO,01-11-23,0,0
Hungary,HUN,EURO,01-12-23,1,0
Hungary,HUN,EURO,01-01-24,1,0
Hungary,HUN,EURO,01-02-24,0,0
Hungary,HUN,EURO,01-03-24,0,0
Hungary,HUN,EURO,01-04-24,0,0
Hungary,HUN,EURO,01-05-24,0,0
Iceland,ISL,EURO,01-06-22,4,0
Iceland,ISL,EURO,01-07-22,5,0
Iceland,ISL,EURO,01-08-22,3,0
Iceland,ISL,EURO,01-09-22,2,0
Iceland,ISL,EURO,01-10-22,2,0
Iceland,ISL,EURO,01-11-22,0,0
Iceland,ISL,EURO,01-12-22,0,0
Iceland,ISL,EURO,01-01-23,0,0
Iceland,ISL,EURO,01-02-23,0,0
Iceland,ISL,EURO,01-03-23,0,0
Iceland,ISL,EURO,01-04-23,0,0
Iceland,ISL,EURO,01-05-23,0,0
Iceland,ISL,EURO,01-06-23,0,0
Iceland,ISL,EURO,01-07-23,0,0
Iceland,ISL,EURO,01-08-23,0,0
Iceland,ISL,EURO,01-09-23,1,0
Iceland,ISL,EURO,01-10-23,0,0
Iceland,ISL,EURO,01-11-23,0,0
Iceland,ISL,EURO,01-12-23,0,0
Iceland,ISL,EURO,01-01-24,0,0
Iceland,ISL,EURO,01-02-24,0,0
Iceland,ISL,EURO,01-03-24,0,0
Iceland,ISL,EURO,01-04-24,0,0
Iceland,ISL,EURO,01-05-24,0,0
India,IND,SEARO,01-07-22,4,0
India,IND,SEARO,01-08-22,6,1
India,IND,SEARO,01-09-22,2,0
India,IND,SEARO,01-10-22,5,0
India,IND,SEARO,01-11-22,0,0
India,IND,SEARO,01-12-22,3,0
India,IND,SEARO,01-01-23,2,0
India,IND,SEARO,01-02-23,0,0
India,IND,SEARO,01-03-23,0,0
India,IND,SEARO,01-04-23,0,0
India,IND,SEARO,01-05-23,0,0
India,IND,SEARO,01-06-23,0,0
India,IND,SEARO,01-07-23,0,0
India,IND,SEARO,01-08-23,0,0
India,IND,SEARO,01-09-23,5,0
India,IND,SEARO,01-10-23,0,0
India,IND,SEARO,01-11-23,0,0
India,IND,SEARO,01-12-23,0,0
India,IND,SEARO,01-01-24,0,0
India,IND,SEARO,01-02-24,0,0
India,IND,SEARO,01-03-24,0,0
India,IND,SEARO,01-04-24,0,0
India,IND,SEARO,01-05-24,0,0
Indonesia,IDN,SEARO,01-08-22,1,0
Indonesia,IDN,SEARO,01-09-22,0,0
Indonesia,IDN,SEARO,01-10-22,0,0
Indonesia,IDN,SEARO,01-11-22,0,0
Indonesia,IDN,SEARO,01-12-22,0,0
Indonesia,IDN,SEARO,01-01-23,0,0
Indonesia,IDN,SEARO,01-02-23,0,0
Indonesia,IDN,SEARO,01-03-23,0,0
Indonesia,IDN,SEARO,01-04-23,0,0
Indonesia,IDN,SEARO,01-05-23,0,0
Indonesia,IDN,SEARO,01-06-23,0,0
Indonesia,IDN,SEARO,01-07-23,0,0
Indonesia,IDN,SEARO,01-08-23,0,0
Indonesia,IDN,SEARO,01-09-23,0,0
Indonesia,IDN,SEARO,01-10-23,29,0
Indonesia,IDN,SEARO,01-11-23,30,0
Indonesia,IDN,SEARO,01-12-23,13,0
Indonesia,IDN,SEARO,01-01-24,7,0
Indonesia,IDN,SEARO,01-02-24,4,0
Indonesia,IDN,SEARO,01-03-24,0,0
Indonesia,IDN,SEARO,01-04-24,2,0
Indonesia,IDN,SEARO,01-05-24,1,0
Iran (Islamic Republic of),IRN,EMRO,01-08-22,1,0
Ireland,IRL,EURO,01-05-22,9,0
Ireland,IRL,EURO,01-06-22,30,0
Ireland,IRL,EURO,01-07-22,46,0
Ireland,IRL,EURO,01-08-22,59,0
Ireland,IRL,EURO,01-09-22,39,0
Ireland,IRL,EURO,01-10-22,23,0
Ireland,IRL,EURO,01-11-22,14,0
Ireland,IRL,EURO,01-12-22,5,0
Ireland,IRL,EURO,01-01-23,3,0
Ireland,IRL,EURO,01-02-23,0,0
Ireland,IRL,EURO,01-03-23,0,0
Ireland,IRL,EURO,01-04-23,0,0
Ireland,IRL,EURO,01-05-23,1,0
Ireland,IRL,EURO,01-06-23,0,0
Ireland,IRL,EURO,01-07-23,0,0
Ireland,IRL,EURO,01-08-23,0,0
Ireland,IRL,EURO,01-09-23,10,0
Ireland,IRL,EURO,01-10-23,3,0
Ireland,IRL,EURO,01-11-23,2,0
Ireland,IRL,EURO,01-12-23,0,0
Ireland,IRL,EURO,01-01-24,0,0
Ireland,IRL,EURO,01-02-24,1,0
Ireland,IRL,EURO,01-03-24,0,0
Ireland,IRL,EURO,01-04-24,1,0
Ireland,IRL,EURO,01-05-24,1,0
Israel,ISR,EURO,01-05-22,2,0
Israel,ISR,EURO,01-06-22,40,0
Israel,ISR,EURO,01-07-22,79,0
Israel,ISR,EURO,01-08-22,113,0
Israel,ISR,EURO,01-09-22,16,0
Israel,ISR,EURO,01-10-22,12,0
Israel,ISR,EURO,01-11-22,0,0
Israel,ISR,EURO,01-12-22,0,0
Israel,ISR,EURO,01-01-23,0,0
Israel,ISR,EURO,01-02-23,0,0
Israel,ISR,EURO,01-03-23,0,0
Israel,ISR,EURO,01-04-23,0,0
Israel,ISR,EURO,01-05-23,0,0
Israel,ISR,EURO,01-06-23,1,0
Israel,ISR,EURO,01-07-23,0,0
Israel,ISR,EURO,01-08-23,0,0
Israel,ISR,EURO,01-09-23,0,0
Israel,ISR,EURO,01-10-23,-1,0
Israel,ISR,EURO,01-11-23,0,0
Israel,ISR,EURO,01-12-23,13,0
Israel,ISR,EURO,01-01-24,0,0
Israel,ISR,EURO,01-02-24,18,0
Israel,ISR,EURO,01-03-24,0,0
Israel,ISR,EURO,01-04-24,1,0
Israel,ISR,EURO,01-05-24,18,0
Italy,ITA,EURO,01-05-22,14,0
Italy,ITA,EURO,01-06-22,145,0
Italy,ITA,EURO,01-07-22,267,0
Italy,ITA,EURO,01-08-22,334,0
Italy,ITA,EURO,01-09-22,90,0
Italy,ITA,EURO,01-10-22,44,0
Italy,ITA,EURO,01-11-22,26,0
Italy,ITA,EURO,01-12-22,18,0
Italy,ITA,EURO,01-01-23,16,0
Italy,ITA,EURO,01-02-23,3,0
Italy,ITA,EURO,01-03-23,0,0
Italy,ITA,EURO,01-04-23,0,0
Italy,ITA,EURO,01-05-23,0,0
Italy,ITA,EURO,01-06-23,0,0
Italy,ITA,EURO,01-07-23,0,0
Italy,ITA,EURO,01-08-23,1,0
Italy,ITA,EURO,01-09-23,5,0
Italy,ITA,EURO,01-10-23,3,0
Italy,ITA,EURO,01-11-23,6,0
Italy,ITA,EURO,01-12-23,17,0
Italy,ITA,EURO,01-01-24,26,0
Italy,ITA,EURO,01-02-24,13,0
Italy,ITA,EURO,01-03-24,14,0
Italy,ITA,EURO,01-04-24,1,0
Italy,ITA,EURO,01-05-24,4,0
Jamaica,JAM,AMRO,01-07-22,2,0
Jamaica,JAM,AMRO,01-08-22,5,0
Jamaica,JAM,AMRO,01-09-22,7,0
Jamaica,JAM,AMRO,01-10-22,2,0
Jamaica,JAM,AMRO,01-11-22,2,0
Jamaica,JAM,AMRO,01-12-22,0,0
Jamaica,JAM,AMRO,01-01-23,0,0
Jamaica,JAM,AMRO,01-02-23,0,0
Jamaica,JAM,AMRO,01-03-23,3,0
Jamaica,JAM,AMRO,01-04-23,0,0
Jamaica,JAM,AMRO,01-05-23,0,0
Jamaica,JAM,AMRO,01-06-23,0,0
Jamaica,JAM,AMRO,01-07-23,0,0
Jamaica,JAM,AMRO,01-08-23,0,0
Jamaica,JAM,AMRO,01-09-23,0,0
Jamaica,JAM,AMRO,01-10-23,0,0
Jamaica,JAM,AMRO,01-11-23,0,0
Jamaica,JAM,AMRO,01-12-23,0,0
Jamaica,JAM,AMRO,01-01-24,0,0
Jamaica,JAM,AMRO,01-02-24,0,0
Jamaica,JAM,AMRO,01-03-24,0,0
Jamaica,JAM,AMRO,01-04-24,0,0
Jamaica,JAM,AMRO,01-05-24,0,0
Japan,JPN,WPRO,01-01-22,0,0
Japan,JPN,WPRO,01-07-22,2,0
Japan,JPN,WPRO,01-08-22,2,0
Japan,JPN,WPRO,01-09-22,2,0
Japan,JPN,WPRO,01-10-22,1,0
Japan,JPN,WPRO,01-12-22,1,0
Japan,JPN,WPRO,01-01-23,7,0
Japan,JPN,WPRO,01-02-23,7,0
Japan,JPN,WPRO,01-03-23,60,0
Japan,JPN,WPRO,01-04-23,39,0
Japan,JPN,WPRO,01-05-23,42,0
Japan,JPN,WPRO,01-06-23,23,0
Japan,JPN,WPRO,01-07-23,8,0
Japan,JPN,WPRO,01-08-23,1,0
Japan,JPN,WPRO,01-09-23,11,0
Japan,JPN,WPRO,01-10-23,7,0
Japan,JPN,WPRO,01-11-23,12,0
Japan,JPN,WPRO,01-12-23,7,1
Japan,JPN,WPRO,01-01-24,2,0
Japan,JPN,WPRO,01-02-24,6,0
Japan,JPN,WPRO,01-03-24,2,0
Japan,JPN,WPRO,01-04-24,3,0
Japan,JPN,WPRO,01-05-24,2,0
Jordan,JOR,EMRO,01-09-22,1,0
Lao People's Democratic Republic,LAO,WPRO,01-09-23,1,0
Latvia,LVA,EURO,01-06-22,2,0
Latvia,LVA,EURO,01-07-22,1,0
Latvia,LVA,EURO,01-08-22,1,0
Latvia,LVA,EURO,01-09-22,1,0
Latvia,LVA,EURO,01-10-22,1,0
Latvia,LVA,EURO,01-11-22,0,0
Latvia,LVA,EURO,01-12-22,0,0
Latvia,LVA,EURO,01-01-23,0,0
Latvia,LVA,EURO,01-02-23,0,0
Latvia,LVA,EURO,01-03-23,0,0
Latvia,LVA,EURO,01-04-23,0,0
Latvia,LVA,EURO,01-05-23,0,0
Latvia,LVA,EURO,01-06-23,0,0
Latvia,LVA,EURO,01-07-23,0,0
Latvia,LVA,EURO,01-08-23,0,0
Latvia,LVA,EURO,01-09-23,0,0
Latvia,LVA,EURO,01-10-23,0,0
Latvia,LVA,EURO,01-11-23,0,0
Latvia,LVA,EURO,01-12-23,0,0
Latvia,LVA,EURO,01-01-24,0,0
Latvia,LVA,EURO,01-02-24,0,0
Latvia,LVA,EURO,01-03-24,0,0
Latvia,LVA,EURO,01-04-24,0,0
Latvia,LVA,EURO,01-05-24,0,0
Lebanon,LBN,EMRO,01-06-22,1,0
Lebanon,LBN,EMRO,01-07-22,3,0
Lebanon,LBN,EMRO,01-08-22,2,0
Lebanon,LBN,EMRO,01-09-22,5,0
Lebanon,LBN,EMRO,01-10-22,7,0
Lebanon,LBN,EMRO,01-11-22,6,0
Lebanon,LBN,EMRO,01-01-23,2,0
Lebanon,LBN,EMRO,01-03-23,1,0
Liberia,LBR,AFRO,01-07-22,1,0
Liberia,LBR,AFRO,01-08-22,2,0
Liberia,LBR,AFRO,01-09-22,0,0
Liberia,LBR,AFRO,01-10-22,0,0
Liberia,LBR,AFRO,01-11-22,1,0
Liberia,LBR,AFRO,01-12-22,2,0
Liberia,LBR,AFRO,01-01-23,1,0
Liberia,LBR,AFRO,01-02-23,1,0
Liberia,LBR,AFRO,01-03-23,2,0
Liberia,LBR,AFRO,01-04-23,2,0
Liberia,LBR,AFRO,01-05-23,1,0
Liberia,LBR,AFRO,01-06-23,0,0
Liberia,LBR,AFRO,01-07-23,0,0
Liberia,LBR,AFRO,01-08-23,0,0
Liberia,LBR,AFRO,01-09-23,0,0
Liberia,LBR,AFRO,01-10-23,0,0
Liberia,LBR,AFRO,01-11-23,3,0
Liberia,LBR,AFRO,01-12-23,2,0
Liberia,LBR,AFRO,01-01-24,1,0
Liberia,LBR,AFRO,01-02-24,2,0
Liberia,LBR,AFRO,01-03-24,2,0
Liberia,LBR,AFRO,01-04-24,0,0
Liberia,LBR,AFRO,01-05-24,0,0
Lithuania,LTU,EURO,01-08-22,5,0
Lithuania,LTU,EURO,01-09-22,0,0
Lithuania,LTU,EURO,01-10-22,0,0
Lithuania,LTU,EURO,01-11-22,0,0
Lithuania,LTU,EURO,01-12-22,0,0
Lithuania,LTU,EURO,01-01-23,0,0
Lithuania,LTU,EURO,01-02-23,0,0
Lithuania,LTU,EURO,01-03-23,0,0
Lithuania,LTU,EURO,01-04-23,0,0
Lithuania,LTU,EURO,01-05-23,0,0
Lithuania,LTU,EURO,01-06-23,0,0
Lithuania,LTU,EURO,01-07-23,0,0
Lithuania,LTU,EURO,01-08-23,0,0
Lithuania,LTU,EURO,01-09-23,0,0
Lithuania,LTU,EURO,01-10-23,0,0
Lithuania,LTU,EURO,01-11-23,0,0
Lithuania,LTU,EURO,01-12-23,0,0
Lithuania,LTU,EURO,01-01-24,0,0
Lithuania,LTU,EURO,01-02-24,0,0
Lithuania,LTU,EURO,01-03-24,0,0
Lithuania,LTU,EURO,01-04-24,0,0
Lithuania,LTU,EURO,01-05-24,0,0
Luxembourg,LUX,EURO,01-06-22,3,0
Luxembourg,LUX,EURO,01-07-22,20,0
Luxembourg,LUX,EURO,01-08-22,30,0
Luxembourg,LUX,EURO,01-09-22,2,0
Luxembourg,LUX,EURO,01-10-22,0,0
Luxembourg,LUX,EURO,01-11-22,2,0
Luxembourg,LUX,EURO,01-12-22,0,0
Luxembourg,LUX,EURO,01-01-23,0,0
Luxembourg,LUX,EURO,01-02-23,0,0
Luxembourg,LUX,EURO,01-03-23,0,0
Luxembourg,LUX,EURO,01-04-23,0,0
Luxembourg,LUX,EURO,01-05-23,0,0
Luxembourg,LUX,EURO,01-06-23,0,0
Luxembourg,LUX,EURO,01-07-23,0,0
Luxembourg,LUX,EURO,01-08-23,2,0
Luxembourg,LUX,EURO,01-09-23,0,0
Luxembourg,LUX,EURO,01-10-23,1,0
Luxembourg,LUX,EURO,01-11-23,0,0
Luxembourg,LUX,EURO,01-12-23,0,0
Luxembourg,LUX,EURO,01-01-24,0,0
Luxembourg,LUX,EURO,01-02-24,1,0
Luxembourg,LUX,EURO,01-03-24,0,0
Luxembourg,LUX,EURO,01-04-24,0,0
Luxembourg,LUX,EURO,01-05-24,0,0
Malaysia,MYS,WPRO,01-08-23,2,0
Malaysia,MYS,WPRO,01-10-23,2,0
Malaysia,MYS,WPRO,01-11-23,5,0
Malta,MLT,EURO,01-05-22,1,0
Malta,MLT,EURO,01-06-22,5,0
Malta,MLT,EURO,01-07-22,11,0
Malta,MLT,EURO,01-08-22,14,0
Malta,MLT,EURO,01-09-22,2,0
Malta,MLT,EURO,01-10-22,0,0
Malta,MLT,EURO,01-11-22,0,0
Malta,MLT,EURO,01-12-22,0,0
Malta,MLT,EURO,01-01-23,0,0
Malta,MLT,EURO,01-02-23,0,0
Malta,MLT,EURO,01-03-23,1,0
Malta,MLT,EURO,01-04-23,0,0
Malta,MLT,EURO,01-05-23,0,0
Malta,MLT,EURO,01-06-23,0,0
Malta,MLT,EURO,01-07-23,0,0
Malta,MLT,EURO,01-08-23,0,0
Malta,MLT,EURO,01-09-23,0,0
Malta,MLT,EURO,01-10-23,1,0
Malta,MLT,EURO,01-11-23,0,0
Malta,MLT,EURO,01-12-23,0,0
Malta,MLT,EURO,01-01-24,0,0
Malta,MLT,EURO,01-02-24,0,0
Malta,MLT,EURO,01-03-24,0,0
Malta,MLT,EURO,01-04-24,0,0
Malta,MLT,EURO,01-05-24,0,0
Martinique,MTQ,AMRO,01-07-22,1,0
Martinique,MTQ,AMRO,01-08-22,0,0
Martinique,MTQ,AMRO,01-09-22,0,0
Martinique,MTQ,AMRO,01-10-22,0,0
Martinique,MTQ,AMRO,01-11-22,0,0
Martinique,MTQ,AMRO,01-12-22,0,0
Martinique,MTQ,AMRO,01-01-23,6,0
Martinique,MTQ,AMRO,01-02-23,0,0
Martinique,MTQ,AMRO,01-03-23,0,0
Martinique,MTQ,AMRO,01-04-23,0,0
Martinique,MTQ,AMRO,01-05-23,0,0
Martinique,MTQ,AMRO,01-06-23,0,0
Martinique,MTQ,AMRO,01-07-23,0,0
Martinique,MTQ,AMRO,01-08-23,0,0
Martinique,MTQ,AMRO,01-09-23,0,0
Martinique,MTQ,AMRO,01-10-23,0,0
Martinique,MTQ,AMRO,01-11-23,0,0
Martinique,MTQ,AMRO,01-12-23,0,0
Martinique,MTQ,AMRO,01-01-24,0,0
Martinique,MTQ,AMRO,01-02-24,0,0
Martinique,MTQ,AMRO,01-03-24,0,0
Martinique,MTQ,AMRO,01-04-24,0,0
Martinique,MTQ,AMRO,01-05-24,0,0
Mexico,MEX,AMRO,01-05-22,4,0
Mexico,MEX,AMRO,01-06-22,35,0
Mexico,MEX,AMRO,01-07-22,184,1
Mexico,MEX,AMRO,01-08-22,1026,3
Mexico,MEX,AMRO,01-09-22,1133,9
Mexico,MEX,AMRO,01-10-22,774,4
Mexico,MEX,AMRO,01-11-22,474,8
Mexico,MEX,AMRO,01-12-22,143,0
Mexico,MEX,AMRO,01-01-23,155,3
Mexico,MEX,AMRO,01-02-23,53,3
Mexico,MEX,AMRO,01-03-23,24,1
Mexico,MEX,AMRO,01-04-23,16,2
Mexico,MEX,AMRO,01-05-23,10,0
Mexico,MEX,AMRO,01-06-23,13,0
Mexico,MEX,AMRO,01-07-23,9,0
Mexico,MEX,AMRO,01-08-23,9,0
Mexico,MEX,AMRO,01-09-23,3,0
Mexico,MEX,AMRO,01-10-23,5,0
Mexico,MEX,AMRO,01-11-23,9,0
Mexico,MEX,AMRO,01-12-23,0,0
Mexico,MEX,AMRO,01-01-24,4,0
Mexico,MEX,AMRO,01-02-24,1,0
Mexico,MEX,AMRO,01-03-24,4,0
Mexico,MEX,AMRO,01-04-24,9,0
Mexico,MEX,AMRO,01-05-24,12,0
Monaco,MCO,EURO,01-08-22,3,0
Monaco,MCO,EURO,01-09-22,0,0
Monaco,MCO,EURO,01-10-22,0,0
Monaco,MCO,EURO,01-11-22,0,0
Monaco,MCO,EURO,01-12-22,0,0
Monaco,MCO,EURO,01-01-23,0,0
Monaco,MCO,EURO,01-02-23,0,0
Monaco,MCO,EURO,01-03-23,0,0
Monaco,MCO,EURO,01-04-23,0,0
Monaco,MCO,EURO,01-05-23,0,0
Monaco,MCO,EURO,01-06-23,0,0
Monaco,MCO,EURO,01-07-23,0,0
Monaco,MCO,EURO,01-08-23,0,0
Monaco,MCO,EURO,01-09-23,0,0
Monaco,MCO,EURO,01-10-23,0,0
Monaco,MCO,EURO,01-11-23,0,0
Monaco,MCO,EURO,01-12-23,0,0
Monaco,MCO,EURO,01-01-24,0,0
Monaco,MCO,EURO,01-02-24,0,0
Monaco,MCO,EURO,01-03-24,0,0
Monaco,MCO,EURO,01-04-24,0,0
Monaco,MCO,EURO,01-05-24,0,0
Montenegro,MNE,EURO,01-07-22,1,0
Montenegro,MNE,EURO,01-08-22,1,0
Montenegro,MNE,EURO,01-09-22,0,0
Montenegro,MNE,EURO,01-10-22,0,0
Montenegro,MNE,EURO,01-11-22,0,0
Montenegro,MNE,EURO,01-12-22,0,0
Montenegro,MNE,EURO,01-01-23,0,0
Montenegro,MNE,EURO,01-02-23,0,0
Montenegro,MNE,EURO,01-03-23,0,0
Montenegro,MNE,EURO,01-04-23,0,0
Montenegro,MNE,EURO,01-05-23,0,0
Montenegro,MNE,EURO,01-06-23,0,0
Montenegro,MNE,EURO,01-07-23,0,0
Montenegro,MNE,EURO,01-08-23,0,0
Montenegro,MNE,EURO,01-09-23,0,0
Montenegro,MNE,EURO,01-10-23,0,0
Montenegro,MNE,EURO,01-11-23,0,0
Montenegro,MNE,EURO,01-12-23,0,0
Montenegro,MNE,EURO,01-01-24,0,0
Montenegro,MNE,EURO,01-02-24,0,0
Montenegro,MNE,EURO,01-03-24,0,0
Montenegro,MNE,EURO,01-04-24,0,0
Montenegro,MNE,EURO,01-05-24,0,0
Morocco,MAR,EMRO,01-06-22,1,0
Morocco,MAR,EMRO,01-08-22,2,0
Mozambique,MOZ,AFRO,01-10-22,1,1
Mozambique,MOZ,AFRO,01-11-22,0,0
Mozambique,MOZ,AFRO,01-12-22,0,0
Mozambique,MOZ,AFRO,01-01-23,0,0
Mozambique,MOZ,AFRO,01-02-23,0,0
Mozambique,MOZ,AFRO,01-03-23,0,0
Mozambique,MOZ,AFRO,01-04-23,0,0
Mozambique,MOZ,AFRO,01-05-23,0,0
Mozambique,MOZ,AFRO,01-06-23,0,0
Mozambique,MOZ,AFRO,01-07-23,0,0
Mozambique,MOZ,AFRO,01-08-23,0,0
Mozambique,MOZ,AFRO,01-09-23,0,0
Mozambique,MOZ,AFRO,01-10-23,0,0
Mozambique,MOZ,AFRO,01-11-23,0,0
Mozambique,MOZ,AFRO,01-12-23,0,0
Mozambique,MOZ,AFRO,01-01-24,0,0
Mozambique,MOZ,AFRO,01-02-24,0,0
Mozambique,MOZ,AFRO,01-03-24,0,0
Mozambique,MOZ,AFRO,01-04-24,0,0
Mozambique,MOZ,AFRO,01-05-24,0,0
Nepal,NPL,SEARO,01-06-23,1,0
Nepal,NPL,SEARO,01-07-23,0,0
Nepal,NPL,SEARO,01-08-23,0,0
Nepal,NPL,SEARO,01-09-23,0,0
Nepal,NPL,SEARO,01-10-23,0,0
Nepal,NPL,SEARO,01-11-23,0,0
Nepal,NPL,SEARO,01-12-23,0,0
Nepal,NPL,SEARO,01-01-24,0,0
Nepal,NPL,SEARO,01-02-24,0,0
Nepal,NPL,SEARO,01-03-24,0,0
Nepal,NPL,SEARO,01-04-24,0,0
Nepal,NPL,SEARO,01-05-24,0,0
Netherlands,NLD,EURO,01-05-22,26,0
Netherlands,NLD,EURO,01-06-22,231,0
Netherlands,NLD,EURO,01-07-22,622,0
Netherlands,NLD,EURO,01-08-22,281,0
Netherlands,NLD,EURO,01-09-22,63,0
Netherlands,NLD,EURO,01-10-22,12,0
Netherlands,NLD,EURO,01-11-22,16,0
Netherlands,NLD,EURO,01-12-22,5,0
Netherlands,NLD,EURO,01-01-23,4,0
Netherlands,NLD,EURO,01-02-23,1,0
Netherlands,NLD,EURO,01-03-23,1,0
Netherlands,NLD,EURO,01-04-23,1,0
Netherlands,NLD,EURO,01-05-23,1,0
Netherlands,NLD,EURO,01-06-23,1,0
Netherlands,NLD,EURO,01-07-23,0,0
Netherlands,NLD,EURO,01-08-23,2,0
Netherlands,NLD,EURO,01-09-23,7,0
Netherlands,NLD,EURO,01-10-23,4,0
Netherlands,NLD,EURO,01-11-23,7,0
Netherlands,NLD,EURO,01-12-23,2,0
Netherlands,NLD,EURO,01-01-24,5,0
Netherlands,NLD,EURO,01-02-24,7,0
Netherlands,NLD,EURO,01-03-24,0,0
Netherlands,NLD,EURO,01-04-24,2,0
Netherlands,NLD,EURO,01-05-24,1,0
New Caledonia,NCL,WPRO,01-07-22,1,0
New Caledonia,NCL,WPRO,01-07-23,0,0
New Zealand,NZL,WPRO,01-07-22,2,0
New Zealand,NZL,WPRO,01-08-22,2,0
New Zealand,NZL,WPRO,01-09-22,5,0
New Zealand,NZL,WPRO,01-10-22,19,0
New Zealand,NZL,WPRO,01-11-22,8,0
New Zealand,NZL,WPRO,01-12-22,4,0
New Zealand,NZL,WPRO,01-01-23,1,0
New Zealand,NZL,WPRO,01-02-23,1,0
New Zealand,NZL,WPRO,01-01-24,8,0
New Zealand,NZL,WPRO,01-05-24,1,0
Nigeria,NGA,AFRO,01-01-22,3,0
Nigeria,NGA,AFRO,01-02-22,1,0
Nigeria,NGA,AFRO,01-03-22,6,0
Nigeria,NGA,AFRO,01-04-22,5,1
Nigeria,NGA,AFRO,01-05-22,6,0
Nigeria,NGA,AFRO,01-06-22,42,1
Nigeria,NGA,AFRO,01-07-22,94,1
Nigeria,NGA,AFRO,01-08-22,120,3
Nigeria,NGA,AFRO,01-09-22,204,1
Nigeria,NGA,AFRO,01-10-22,123,0
Nigeria,NGA,AFRO,01-11-22,76,0
Nigeria,NGA,AFRO,01-12-22,83,0
Nigeria,NGA,AFRO,01-01-23,27,1
Nigeria,NGA,AFRO,01-02-23,16,0
Nigeria,NGA,AFRO,01-03-23,27,1
Nigeria,NGA,AFRO,01-04-23,2,0
Nigeria,NGA,AFRO,01-05-23,7,0
Nigeria,NGA,AFRO,01-06-23,1,0
Nigeria,NGA,AFRO,01-07-23,0,0
Nigeria,NGA,AFRO,01-08-23,0,0
Nigeria,NGA,AFRO,01-09-23,0,0
Nigeria,NGA,AFRO,01-10-23,0,0
Nigeria,NGA,AFRO,01-11-23,12,0
Nigeria,NGA,AFRO,01-12-23,3,0
Norway,NOR,EURO,01-05-22,1,0
Norway,NOR,EURO,01-06-22,14,0
Norway,NOR,EURO,01-07-22,36,0
Norway,NOR,EURO,01-08-22,29,0
Norway,NOR,EURO,01-09-22,12,0
Norway,NOR,EURO,01-10-22,1,0
Norway,NOR,EURO,01-11-22,0,0
Norway,NOR,EURO,01-12-22,0,0
Norway,NOR,EURO,01-01-23,2,0
Norway,NOR,EURO,01-02-23,0,0
Norway,NOR,EURO,01-03-23,0,0
Norway,NOR,EURO,01-04-23,0,0
Norway,NOR,EURO,01-05-23,0,0
Norway,NOR,EURO,01-06-23,0,0
Norway,NOR,EURO,01-07-23,1,0
Norway,NOR,EURO,01-08-23,0,0
Norway,NOR,EURO,01-09-23,5,0
Norway,NOR,EURO,01-10-23,1,0
Norway,NOR,EURO,01-11-23,2,0
Norway,NOR,EURO,01-12-23,0,0
Norway,NOR,EURO,01-01-24,1,0
Norway,NOR,EURO,01-02-24,0,0
Norway,NOR,EURO,01-03-24,0,0
Norway,NOR,EURO,01-04-24,1,0
Norway,NOR,EURO,01-05-24,0,0
Oman,OMN,EMRO,01-10-23,3,0
Pakistan,PAK,EMRO,01-04-23,1,0
Pakistan,PAK,EMRO,01-05-23,4,0
Pakistan,PAK,EMRO,01-08-23,1,0
Pakistan,PAK,EMRO,01-09-23,1,0
Panama,PAN,AMRO,01-07-22,1,0
Panama,PAN,AMRO,01-08-22,10,0
Panama,PAN,AMRO,01-09-22,5,0
Panama,PAN,AMRO,01-10-22,0,0
Panama,PAN,AMRO,01-11-22,40,0
Panama,PAN,AMRO,01-12-22,22,0
Panama,PAN,AMRO,01-01-23,40,0
Panama,PAN,AMRO,01-02-23,49,0
Panama,PAN,AMRO,01-03-23,49,0
Panama,PAN,AMRO,01-04-23,7,1
Panama,PAN,AMRO,01-05-23,12,0
Panama,PAN,AMRO,01-06-23,2,0
Panama,PAN,AMRO,01-07-23,0,0
Panama,PAN,AMRO,01-08-23,0,0
Panama,PAN,AMRO,01-09-23,0,0
Panama,PAN,AMRO,01-10-23,0,0
Panama,PAN,AMRO,01-11-23,0,0
Panama,PAN,AMRO,01-12-23,0,0
Panama,PAN,AMRO,01-01-24,0,0
Panama,PAN,AMRO,01-02-24,2,0
Panama,PAN,AMRO,01-03-24,0,0
Panama,PAN,AMRO,01-04-24,0,0
Panama,PAN,AMRO,01-05-24,0,0
Paraguay,PRY,AMRO,01-08-22,1,0
Paraguay,PRY,AMRO,01-09-22,1,0
Paraguay,PRY,AMRO,01-10-22,1,0
Paraguay,PRY,AMRO,01-11-22,23,0
Paraguay,PRY,AMRO,01-12-22,22,0
Paraguay,PRY,AMRO,01-01-23,34,0
Paraguay,PRY,AMRO,01-02-23,28,0
Paraguay,PRY,AMRO,01-03-23,12,0
Paraguay,PRY,AMRO,01-04-23,3,0
Paraguay,PRY,AMRO,01-05-23,0,0
Paraguay,PRY,AMRO,01-06-23,1,0
Paraguay,PRY,AMRO,01-07-23,0,0
Paraguay,PRY,AMRO,01-08-23,0,0
Paraguay,PRY,AMRO,01-09-23,0,0
Paraguay,PRY,AMRO,01-10-23,0,0
Paraguay,PRY,AMRO,01-11-23,0,0
Paraguay,PRY,AMRO,01-12-23,0,0
Paraguay,PRY,AMRO,01-01-24,0,0
Paraguay,PRY,AMRO,01-02-24,0,0
Paraguay,PRY,AMRO,01-03-24,0,0
Paraguay,PRY,AMRO,01-04-24,0,0
Paraguay,PRY,AMRO,01-05-24,0,0
Peru,PER,AMRO,01-06-22,3,0
Peru,PER,AMRO,01-07-22,266,0
Peru,PER,AMRO,01-08-22,1277,0
Peru,PER,AMRO,01-09-22,975,0
Peru,PER,AMRO,01-10-22,527,0
Peru,PER,AMRO,01-11-22,460,0
Peru,PER,AMRO,01-12-22,135,8
Peru,PER,AMRO,01-01-23,84,7
Peru,PER,AMRO,01-02-23,39,2
Peru,PER,AMRO,01-03-23,19,3
Peru,PER,AMRO,01-04-23,15,0
Peru,PER,AMRO,01-05-23,0,0
Peru,PER,AMRO,01-06-23,12,0
Peru,PER,AMRO,01-07-23,0,0
Peru,PER,AMRO,01-08-23,0,0
Peru,PER,AMRO,01-09-23,0,0
Peru,PER,AMRO,01-10-23,0,0
Peru,PER,AMRO,01-11-23,0,0
Peru,PER,AMRO,01-12-23,0,0
Peru,PER,AMRO,01-01-24,0,0
Peru,PER,AMRO,01-02-24,0,0
Peru,PER,AMRO,01-03-24,0,0
Peru,PER,AMRO,01-04-24,0,0
Peru,PER,AMRO,01-05-24,0,0
Philippines,PHL,WPRO,01-07-22,1,0
Philippines,PHL,WPRO,01-08-22,3,0
Philippines,PHL,WPRO,01-05-23,1,0
Philippines,PHL,WPRO,01-12-23,4,0
Poland,POL,EURO,01-06-22,10,0
Poland,POL,EURO,01-07-22,43,0
Poland,POL,EURO,01-08-22,77,0
Poland,POL,EURO,01-09-22,58,0
Poland,POL,EURO,01-10-22,18,0
Poland,POL,EURO,01-11-22,8,0
Poland,POL,EURO,01-12-22,0,0
Poland,POL,EURO,01-01-23,1,0
Poland,POL,EURO,01-02-23,0,0
Poland,POL,EURO,01-03-23,0,0
Poland,POL,EURO,01-04-23,2,0
Poland,POL,EURO,01-05-23,0,0
Poland,POL,EURO,01-06-23,0,0
Poland,POL,EURO,01-07-23,0,0
Poland,POL,EURO,01-08-23,0,0
Poland,POL,EURO,01-09-23,0,0
Poland,POL,EURO,01-10-23,0,0
Poland,POL,EURO,01-11-23,0,0
Poland,POL,EURO,01-12-23,0,0
Poland,POL,EURO,01-01-24,3,0
Poland,POL,EURO,01-02-24,0,0
Poland,POL,EURO,01-03-24,1,0
Poland,POL,EURO,01-04-24,0,0
Poland,POL,EURO,01-05-24,2,0
Portugal,PRT,EURO,01-05-22,100,0
Portugal,PRT,EURO,01-06-22,302,0
Portugal,PRT,EURO,01-07-22,231,0
Portugal,PRT,EURO,01-08-22,213,0
Portugal,PRT,EURO,01-09-22,80,0
Portugal,PRT,EURO,01-10-22,18,0
Portugal,PRT,EURO,01-11-22,4,0
Portugal,PRT,EURO,01-12-22,0,0
Portugal,PRT,EURO,01-01-23,3,0
Portugal,PRT,EURO,01-02-23,0,0
Portugal,PRT,EURO,01-03-23,0,0
Portugal,PRT,EURO,01-04-23,2,0
Portugal,PRT,EURO,01-05-23,0,1
Portugal,PRT,EURO,01-06-23,2,0
Portugal,PRT,EURO,01-07-23,47,0
Portugal,PRT,EURO,01-08-23,3,0
Portugal,PRT,EURO,01-09-23,86,0
Portugal,PRT,EURO,01-10-23,43,0
Portugal,PRT,EURO,01-11-23,28,0
Portugal,PRT,EURO,01-12-23,0,0
Portugal,PRT,EURO,01-01-24,24,1
Portugal,PRT,EURO,01-02-24,4,1
Portugal,PRT,EURO,01-03-24,3,0
Portugal,PRT,EURO,01-04-24,0,0
Portugal,PRT,EURO,01-05-24,0,0
Qatar,QAT,EMRO,01-07-22,2,0
Qatar,QAT,EMRO,01-08-22,1,0
Qatar,QAT,EMRO,01-09-22,2,0
Republic of Korea,KOR,WPRO,01-06-22,1,0
Republic of Korea,KOR,WPRO,01-09-22,1,0
Republic of Korea,KOR,WPRO,01-11-22,2,0
Republic of Korea,KOR,WPRO,01-03-23,1,0
Republic of Korea,KOR,WPRO,01-04-23,38,0
Republic of Korea,KOR,WPRO,01-05-23,46,0
Republic of Korea,KOR,WPRO,01-06-23,28,0
Republic of Korea,KOR,WPRO,01-07-23,9,0
Republic of Korea,KOR,WPRO,01-08-23,9,0
Republic of Korea,KOR,WPRO,01-09-23,6,0
Republic of Korea,KOR,WPRO,01-10-23,8,0
Republic of Korea,KOR,WPRO,01-11-23,6,0
Republic of Korea,KOR,WPRO,01-04-24,1,0
Republic of Moldova,MDA,EURO,01-08-22,2,0
Republic of Moldova,MDA,EURO,01-09-22,0,0
Republic of Moldova,MDA,EURO,01-10-22,0,0
Republic of Moldova,MDA,EURO,01-11-22,0,0
Republic of Moldova,MDA,EURO,01-12-22,0,0
Republic of Moldova,MDA,EURO,01-01-23,0,0
Republic of Moldova,MDA,EURO,01-02-23,0,0
Republic of Moldova,MDA,EURO,01-03-23,0,0
Republic of Moldova,MDA,EURO,01-04-23,0,0
Republic of Moldova,MDA,EURO,01-05-23,0,0
Republic of Moldova,MDA,EURO,01-06-23,0,0
Republic of Moldova,MDA,EURO,01-07-23,0,0
Republic of Moldova,MDA,EURO,01-08-23,0,0
Republic of Moldova,MDA,EURO,01-09-23,0,0
Republic of Moldova,MDA,EURO,01-10-23,0,0
Republic of Moldova,MDA,EURO,01-11-23,0,0
Republic of Moldova,MDA,EURO,01-12-23,0,0
Republic of Moldova,MDA,EURO,01-01-24,0,0
Republic of Moldova,MDA,EURO,01-02-24,0,0
Republic of Moldova,MDA,EURO,01-03-24,0,0
Republic of Moldova,MDA,EURO,01-04-24,0,0
Republic of Moldova,MDA,EURO,01-05-24,0,0
Romania,ROU,EURO,01-06-22,11,0
Romania,ROU,EURO,01-07-22,9,0
Romania,ROU,EURO,01-08-22,16,0
Romania,ROU,EURO,01-09-22,4,0
Romania,ROU,EURO,01-10-22,3,0
Romania,ROU,EURO,01-11-22,2,0
Romania,ROU,EURO,01-12-22,1,0
Romania,ROU,EURO,01-01-23,1,0
Romania,ROU,EURO,01-02-23,0,0
Romania,ROU,EURO,01-03-23,0,0
Romania,ROU,EURO,01-04-23,0,0
Romania,ROU,EURO,01-05-23,0,0
Romania,ROU,EURO,01-06-23,0,0
Romania,ROU,EURO,01-07-23,0,0
Romania,ROU,EURO,01-08-23,0,0
Romania,ROU,EURO,01-09-23,0,0
Romania,ROU,EURO,01-10-23,0,0
Romania,ROU,EURO,01-11-23,0,0
Romania,ROU,EURO,01-12-23,0,0
Romania,ROU,EURO,01-01-24,0,0
Romania,ROU,EURO,01-02-24,0,0
Romania,ROU,EURO,01-03-24,0,0
Romania,ROU,EURO,01-04-24,0,0
Romania,ROU,EURO,01-05-24,0,0
Russian Federation,RUS,EURO,01-07-22,1,0
Russian Federation,RUS,EURO,01-08-22,0,0
Russian Federation,RUS,EURO,01-09-22,1,0
Russian Federation,RUS,EURO,01-10-22,0,0
Russian Federation,RUS,EURO,01-11-22,0,0
Russian Federation,RUS,EURO,01-12-22,0,0
Russian Federation,RUS,EURO,01-01-23,0,0
Russian Federation,RUS,EURO,01-02-23,0,0
Russian Federation,RUS,EURO,01-03-23,0,0
Russian Federation,RUS,EURO,01-04-23,0,0
Russian Federation,RUS,EURO,01-05-23,0,0
Russian Federation,RUS,EURO,01-06-23,0,0
Russian Federation,RUS,EURO,01-07-23,0,0
Russian Federation,RUS,EURO,01-08-23,0,0
Russian Federation,RUS,EURO,01-09-23,0,0
Russian Federation,RUS,EURO,01-10-23,0,0
Russian Federation,RUS,EURO,01-11-23,0,0
Russian Federation,RUS,EURO,01-12-23,0,0
Russian Federation,RUS,EURO,01-01-24,2,0
Russian Federation,RUS,EURO,01-02-24,0,0
Russian Federation,RUS,EURO,01-03-24,0,0
Russian Federation,RUS,EURO,01-04-24,0,0
Russian Federation,RUS,EURO,01-05-24,0,0
Saint Martin,MAF,AMRO,01-08-22,1,0
Saint Martin,MAF,AMRO,01-09-22,0,0
Saint Martin,MAF,AMRO,01-10-22,0,0
Saint Martin,MAF,AMRO,01-11-22,0,0
Saint Martin,MAF,AMRO,01-12-22,0,0
Saint Martin,MAF,AMRO,01-01-23,0,0
Saint Martin,MAF,AMRO,01-02-23,0,0
Saint Martin,MAF,AMRO,01-03-23,0,0
Saint Martin,MAF,AMRO,01-04-23,0,0
Saint Martin,MAF,AMRO,01-05-23,0,0
Saint Martin,MAF,AMRO,01-06-23,0,0
Saint Martin,MAF,AMRO,01-07-23,0,0
Saint Martin,MAF,AMRO,01-08-23,0,0
Saint Martin,MAF,AMRO,01-09-23,0,0
Saint Martin,MAF,AMRO,01-10-23,0,0
Saint Martin,MAF,AMRO,01-11-23,0,0
Saint Martin,MAF,AMRO,01-12-23,0,0
Saint Martin,MAF,AMRO,01-01-24,0,0
Saint Martin,MAF,AMRO,01-02-24,0,0
Saint Martin,MAF,AMRO,01-03-24,0,0
Saint Martin,MAF,AMRO,01-04-24,0,0
Saint Martin,MAF,AMRO,01-05-24,0,0
San Marino,SMR,EURO,01-09-22,0,0
San Marino,SMR,EURO,01-10-22,1,0
San Marino,SMR,EURO,01-11-22,0,0
San Marino,SMR,EURO,01-12-22,0,0
San Marino,SMR,EURO,01-01-23,0,0
San Marino,SMR,EURO,01-02-23,0,0
San Marino,SMR,EURO,01-03-23,0,0
San Marino,SMR,EURO,01-04-23,0,0
San Marino,SMR,EURO,01-05-23,0,0
San Marino,SMR,EURO,01-06-23,0,0
San Marino,SMR,EURO,01-07-23,0,0
San Marino,SMR,EURO,01-08-23,0,0
San Marino,SMR,EURO,01-09-23,0,0
San Marino,SMR,EURO,01-10-23,0,0
San Marino,SMR,EURO,01-11-23,0,0
San Marino,SMR,EURO,01-12-23,0,0
San Marino,SMR,EURO,01-01-24,0,0
San Marino,SMR,EURO,01-02-24,0,0
San Marino,SMR,EURO,01-03-24,0,0
San Marino,SMR,EURO,01-04-24,0,0
San Marino,SMR,EURO,01-05-24,0,0
Saudi Arabia,SAU,EMRO,01-07-22,4,0
Saudi Arabia,SAU,EMRO,01-08-22,4,0
Serbia,SRB,EURO,01-06-22,1,0
Serbia,SRB,EURO,01-07-22,9,0
Serbia,SRB,EURO,01-08-22,21,0
Serbia,SRB,EURO,01-09-22,9,0
Serbia,SRB,EURO,01-10-22,0,0
Serbia,SRB,EURO,01-11-22,0,0
Serbia,SRB,EURO,01-12-22,0,0
Serbia,SRB,EURO,01-01-23,0,0
Serbia,SRB,EURO,01-02-23,0,0
Serbia,SRB,EURO,01-03-23,0,0
Serbia,SRB,EURO,01-04-23,0,0
Serbia,SRB,EURO,01-05-23,0,0
Serbia,SRB,EURO,01-06-23,0,0
Serbia,SRB,EURO,01-07-23,0,0
Serbia,SRB,EURO,01-08-23,0,0
Serbia,SRB,EURO,01-09-23,0,0
Serbia,SRB,EURO,01-10-23,0,0
Serbia,SRB,EURO,01-11-23,0,0
Serbia,SRB,EURO,01-12-23,0,0
Serbia,SRB,EURO,01-01-24,0,0
Serbia,SRB,EURO,01-02-24,0,0
Serbia,SRB,EURO,01-03-24,0,0
Serbia,SRB,EURO,01-04-24,0,0
Serbia,SRB,EURO,01-05-24,0,0
Singapore,SGP,WPRO,01-06-22,1,0
Singapore,SGP,WPRO,01-07-22,10,0
Singapore,SGP,WPRO,01-08-22,5,0
Singapore,SGP,WPRO,01-09-22,3,0
Singapore,SGP,WPRO,01-01-23,2,0
Singapore,SGP,WPRO,01-03-23,1,0
Singapore,SGP,WPRO,01-04-23,1,0
Singapore,SGP,WPRO,01-05-23,2,0
Singapore,SGP,WPRO,01-07-23,1,0
Singapore,SGP,WPRO,01-09-23,5,0
Singapore,SGP,WPRO,01-10-23,5,0
Singapore,SGP,WPRO,01-11-23,13,0
Singapore,SGP,WPRO,01-12-23,1,0
Singapore,SGP,WPRO,01-01-24,1,0
Singapore,SGP,WPRO,01-02-24,1,0
Singapore,SGP,WPRO,01-03-24,5,0
Singapore,SGP,WPRO,01-04-24,2,0
Slovakia,SVK,EURO,01-07-22,6,0
Slovakia,SVK,EURO,01-08-22,6,0
Slovakia,SVK,EURO,01-09-22,2,0
Slovakia,SVK,EURO,01-10-22,0,0
Slovakia,SVK,EURO,01-11-22,0,0
Slovakia,SVK,EURO,01-12-22,0,0
Slovakia,SVK,EURO,01-01-23,0,0
Slovakia,SVK,EURO,01-02-23,0,0
Slovakia,SVK,EURO,01-03-23,0,0
Slovakia,SVK,EURO,01-04-23,0,0
Slovakia,SVK,EURO,01-05-23,0,0
Slovakia,SVK,EURO,01-06-23,0,0
Slovakia,SVK,EURO,01-07-23,0,0
Slovakia,SVK,EURO,01-08-23,0,0
Slovakia,SVK,EURO,01-09-23,0,0
Slovakia,SVK,EURO,01-10-23,0,0
Slovakia,SVK,EURO,01-11-23,0,0
Slovakia,SVK,EURO,01-12-23,0,0
Slovakia,SVK,EURO,01-01-24,2,0
Slovakia,SVK,EURO,01-02-24,0,0
Slovakia,SVK,EURO,01-03-24,0,0
Slovakia,SVK,EURO,01-04-24,0,0
Slovakia,SVK,EURO,01-05-24,0,0
Slovenia,SVN,EURO,01-05-22,2,0
Slovenia,SVN,EURO,01-06-22,7,0
Slovenia,SVN,EURO,01-07-22,24,0
Slovenia,SVN,EURO,01-08-22,10,0
Slovenia,SVN,EURO,01-09-22,4,0
Slovenia,SVN,EURO,01-10-22,0,0
Slovenia,SVN,EURO,01-11-22,0,0
Slovenia,SVN,EURO,01-12-22,0,0
Slovenia,SVN,EURO,01-01-23,0,0
Slovenia,SVN,EURO,01-02-23,0,0
Slovenia,SVN,EURO,01-03-23,0,0
Slovenia,SVN,EURO,01-04-23,0,0
Slovenia,SVN,EURO,01-05-23,0,0
Slovenia,SVN,EURO,01-06-23,0,0
Slovenia,SVN,EURO,01-07-23,0,0
Slovenia,SVN,EURO,01-08-23,0,0
Slovenia,SVN,EURO,01-09-23,0,0
Slovenia,SVN,EURO,01-10-23,0,0
Slovenia,SVN,EURO,01-11-23,0,0
Slovenia,SVN,EURO,01-12-23,0,0
Slovenia,SVN,EURO,01-01-24,0,0
Slovenia,SVN,EURO,01-02-24,0,0
Slovenia,SVN,EURO,01-03-24,0,0
Slovenia,SVN,EURO,01-04-24,0,0
Slovenia,SVN,EURO,01-05-24,0,0
South Africa,ZAF,AFRO,01-07-22,3,0
South Africa,ZAF,AFRO,01-08-22,2,0
South Africa,ZAF,AFRO,01-09-22,0,0
South Africa,ZAF,AFRO,01-10-22,0,0
South Africa,ZAF,AFRO,01-11-22,0,0
South Africa,ZAF,AFRO,01-12-22,0,0
South Africa,ZAF,AFRO,01-01-23,0,0
South Africa,ZAF,AFRO,01-02-23,0,0
South Africa,ZAF,AFRO,01-03-23,0,0
South Africa,ZAF,AFRO,01-04-23,0,0
South Africa,ZAF,AFRO,01-05-23,0,0
South Africa,ZAF,AFRO,01-06-23,0,0
South Africa,ZAF,AFRO,01-07-23,0,0
South Africa,ZAF,AFRO,01-08-23,0,0
South Africa,ZAF,AFRO,01-09-23,0,0
South Africa,ZAF,AFRO,01-10-23,0,0
South Africa,ZAF,AFRO,01-11-23,0,0
South Africa,ZAF,AFRO,01-12-23,0,0
South Africa,ZAF,AFRO,01-01-24,0,0
South Africa,ZAF,AFRO,01-02-24,0,0
South Africa,ZAF,AFRO,01-03-24,0,0
South Africa,ZAF,AFRO,01-04-24,0,0
South Africa,ZAF,AFRO,01-05-24,4,0
Spain,ESP,EURO,01-05-22,98,0
Spain,ESP,EURO,01-06-22,702,0
Spain,ESP,EURO,01-07-22,2938,0
Spain,ESP,EURO,01-08-22,2805,2
Spain,ESP,EURO,01-09-22,645,0
Spain,ESP,EURO,01-10-22,129,0
Spain,ESP,EURO,01-11-22,91,1
Spain,ESP,EURO,01-12-22,88,0
Spain,ESP,EURO,01-01-23,32,0
Spain,ESP,EURO,01-02-23,15,0
Spain,ESP,EURO,01-03-23,3,0
Spain,ESP,EURO,01-04-23,3,0
Spain,ESP,EURO,01-05-23,6,0
Spain,ESP,EURO,01-06-23,4,0
Spain,ESP,EURO,01-07-23,0,0
Spain,ESP,EURO,01-08-23,6,0
Spain,ESP,EURO,01-09-23,46,0
Spain,ESP,EURO,01-10-23,36,0
Spain,ESP,EURO,01-11-23,37,0
Spain,ESP,EURO,01-12-23,68,0
Spain,ESP,EURO,01-01-24,34,0
Spain,ESP,EURO,01-02-24,112,0
Spain,ESP,EURO,01-03-24,62,0
Spain,ESP,EURO,01-04-24,32,0
Spain,ESP,EURO,01-05-24,38,0
Sri Lanka,LKA,SEARO,01-11-22,2,0
Sri Lanka,LKA,SEARO,01-12-22,0,0
Sri Lanka,LKA,SEARO,01-01-23,0,0
Sri Lanka,LKA,SEARO,01-02-23,0,0
Sri Lanka,LKA,SEARO,01-03-23,0,0
Sri Lanka,LKA,SEARO,01-04-23,0,0
Sri Lanka,LKA,SEARO,01-05-23,0,0
Sri Lanka,LKA,SEARO,01-06-23,2,0
Sri Lanka,LKA,SEARO,01-07-23,0,0
Sri Lanka,LKA,SEARO,01-08-23,0,0
Sri Lanka,LKA,SEARO,01-09-23,0,0
Sri Lanka,LKA,SEARO,01-10-23,0,0
Sri Lanka,LKA,SEARO,01-11-23,0,0
Sri Lanka,LKA,SEARO,01-12-23,0,0
Sri Lanka,LKA,SEARO,01-01-24,0,0
Sri Lanka,LKA,SEARO,01-02-24,0,0
Sri Lanka,LKA,SEARO,01-03-24,0,0
Sri Lanka,LKA,SEARO,01-04-24,0,0
Sri Lanka,LKA,SEARO,01-05-24,0,0
Sudan,SDN,EMRO,01-08-22,2,0
Sudan,SDN,EMRO,01-09-22,5,1
Sudan,SDN,EMRO,01-10-22,11,0
Sudan,SDN,EMRO,01-04-23,1,0
Sweden,SWE,EURO,01-05-22,4,0
Sweden,SWE,EURO,01-06-22,24,0
Sweden,SWE,EURO,01-07-22,57,0
Sweden,SWE,EURO,01-08-22,72,0
Sweden,SWE,EURO,01-09-22,38,0
Sweden,SWE,EURO,01-10-22,17,0
Sweden,SWE,EURO,01-11-22,17,0
Sweden,SWE,EURO,01-12-22,21,0
Sweden,SWE,EURO,01-01-23,10,0
Sweden,SWE,EURO,01-02-23,0,0
Sweden,SWE,EURO,01-03-23,0,0
Sweden,SWE,EURO,01-04-23,0,0
Sweden,SWE,EURO,01-05-23,0,0
Sweden,SWE,EURO,01-06-23,0,0
Sweden,SWE,EURO,01-07-23,0,0
Sweden,SWE,EURO,01-08-23,0,0
Sweden,SWE,EURO,01-09-23,4,0
Sweden,SWE,EURO,01-10-23,0,0
Sweden,SWE,EURO,01-11-23,0,0
Sweden,SWE,EURO,01-12-23,3,0
Sweden,SWE,EURO,01-01-24,3,0
Sweden,SWE,EURO,01-02-24,2,0
Sweden,SWE,EURO,01-03-24,0,0
Sweden,SWE,EURO,01-04-24,14,0
Sweden,SWE,EURO,01-05-24,11,0
Switzerland,CHE,EURO,01-05-22,4,0
Switzerland,CHE,EURO,01-06-22,79,0
Switzerland,CHE,EURO,01-07-22,181,0
Switzerland,CHE,EURO,01-08-22,192,0
Switzerland,CHE,EURO,01-09-22,57,0
Switzerland,CHE,EURO,01-10-22,33,0
Switzerland,CHE,EURO,01-11-22,4,0
Switzerland,CHE,EURO,01-12-22,1,0
Switzerland,CHE,EURO,01-01-23,0,0
Switzerland,CHE,EURO,01-02-23,0,0
Switzerland,CHE,EURO,01-03-23,1,0
Switzerland,CHE,EURO,01-04-23,0,0
Switzerland,CHE,EURO,01-05-23,0,0
Switzerland,CHE,EURO,01-06-23,2,0
Switzerland,CHE,EURO,01-07-23,0,0
Switzerland,CHE,EURO,01-08-23,0,0
Switzerland,CHE,EURO,01-09-23,5,0
Switzerland,CHE,EURO,01-10-23,3,0
Switzerland,CHE,EURO,01-11-23,0,0
Switzerland,CHE,EURO,01-12-23,1,0
Switzerland,CHE,EURO,01-01-24,9,0
Switzerland,CHE,EURO,01-02-24,7,0
Switzerland,CHE,EURO,01-03-24,0,0
Switzerland,CHE,EURO,01-04-24,0,0
Switzerland,CHE,EURO,01-05-24,0,0
Thailand,THA,SEARO,01-07-22,2,0
Thailand,THA,SEARO,01-08-22,5,0
Thailand,THA,SEARO,01-09-22,1,0
Thailand,THA,SEARO,01-10-22,4,0
Thailand,THA,SEARO,01-11-22,0,0
Thailand,THA,SEARO,01-12-22,0,0
Thailand,THA,SEARO,01-01-23,0,0
Thailand,THA,SEARO,01-02-23,3,0
Thailand,THA,SEARO,01-03-23,3,0
Thailand,THA,SEARO,01-04-23,3,0
Thailand,THA,SEARO,01-05-23,22,0
Thailand,THA,SEARO,01-06-23,13,0
Thailand,THA,SEARO,01-07-23,63,0
Thailand,THA,SEARO,01-08-23,197,1
Thailand,THA,SEARO,01-09-23,144,0
Thailand,THA,SEARO,01-10-23,117,0
Thailand,THA,SEARO,01-11-23,79,0
Thailand,THA,SEARO,01-12-23,29,0
Thailand,THA,SEARO,01-01-24,36,0
Thailand,THA,SEARO,01-02-24,22,0
Thailand,THA,SEARO,01-03-24,12,0
Thailand,THA,SEARO,01-04-24,19,0
Thailand,THA,SEARO,01-05-24,21,9
The United Kingdom,GBR,EURO,01-05-22,190,0
The United Kingdom,GBR,EURO,01-06-22,1045,0
The United Kingdom,GBR,EURO,01-07-22,1197,0
The United Kingdom,GBR,EURO,01-08-22,981,0
The United Kingdom,GBR,EURO,01-09-22,222,0
The United Kingdom,GBR,EURO,01-10-22,63,0
The United Kingdom,GBR,EURO,01-11-22,27,0
The United Kingdom,GBR,EURO,01-12-22,5,0
The United Kingdom,GBR,EURO,01-01-23,5,0
The United Kingdom,GBR,EURO,01-02-23,0,0
The United Kingdom,GBR,EURO,01-03-23,3,0
The United Kingdom,GBR,EURO,01-04-23,3,0
The United Kingdom,GBR,EURO,01-05-23,11,0
The United Kingdom,GBR,EURO,01-06-23,1,0
The United Kingdom,GBR,EURO,01-07-23,8,0
The United Kingdom,GBR,EURO,01-08-23,10,0
The United Kingdom,GBR,EURO,01-09-23,34,0
The United Kingdom,GBR,EURO,01-10-23,15,0
The United Kingdom,GBR,EURO,01-11-23,47,0
The United Kingdom,GBR,EURO,01-12-23,8,0
The United Kingdom,GBR,EURO,01-01-24,7,0
The United Kingdom,GBR,EURO,01-02-24,10,0
The United Kingdom,GBR,EURO,01-03-24,16,0
The United Kingdom,GBR,EURO,01-04-24,20,0
The United Kingdom,GBR,EURO,01-05-24,24,0
Trinidad and Tobago,TTO,AMRO,01-07-23,3,0
Trinidad and Tobago,TTO,AMRO,01-08-23,0,0
Trinidad and Tobago,TTO,AMRO,01-09-23,0,0
Trinidad and Tobago,TTO,AMRO,01-10-23,0,0
Trinidad and Tobago,TTO,AMRO,01-11-23,0,0
Trinidad and Tobago,TTO,AMRO,01-12-23,0,0
Trinidad and Tobago,TTO,AMRO,01-01-24,0,0
Trinidad and Tobago,TTO,AMRO,01-02-24,0,0
Trinidad and Tobago,TTO,AMRO,01-03-24,0,0
Trinidad and Tobago,TTO,AMRO,01-04-24,0,0
Trinidad and Tobago,TTO,AMRO,01-05-24,0,0
Tï¿½ï¿½ï,TUR,EURO,01-06-22,1,0
Tï¿½ï¿½ï,TUR,EURO,01-07-22,0,0
Tï¿½ï¿½ï,TUR,EURO,01-08-22,0,0
Tï¿½ï¿½ï,TUR,EURO,01-09-22,0,0
Tï¿½ï¿½ï,TUR,EURO,01-10-22,11,0
Tï¿½ï¿½ï,TUR,EURO,01-11-22,0,0
Tï¿½ï¿½ï,TUR,EURO,01-12-22,0,0
Tï¿½ï¿½ï,TUR,EURO,01-01-23,0,0
Tï¿½ï¿½ï,TUR,EURO,01-02-23,0,0
Tï¿½ï¿½ï,TUR,EURO,01-03-23,0,0
Tï¿½ï¿½ï,TUR,EURO,01-04-23,0,0
Tï¿½ï¿½ï,TUR,EURO,01-05-23,0,0
Tï¿½ï¿½ï,TUR,EURO,01-06-23,0,0
Tï¿½ï¿½ï,TUR,EURO,01-07-23,0,0
Tï¿½ï¿½ï,TUR,EURO,01-08-23,0,0
Tï¿½ï¿½ï,TUR,EURO,01-09-23,0,0
Tï¿½ï¿½ï,TUR,EURO,01-10-23,0,0
Tï¿½ï¿½ï,TUR,EURO,01-11-23,0,0
Tï¿½ï¿½ï,TUR,EURO,01-12-23,0,0
Tï¿½ï¿½ï,TUR,EURO,01-01-24,0,0
Tï¿½ï¿½ï,TUR,EURO,01-02-24,0,0
Tï¿½ï¿½ï,TUR,EURO,01-03-24,0,0
Tï¿½ï¿½ï,TUR,EURO,01-04-24,0,0
Tï¿½ï¿½ï,TUR,EURO,01-05-24,0,0
Ukraine,UKR,EURO,01-09-22,3,0
Ukraine,UKR,EURO,01-10-22,2,0
Ukraine,UKR,EURO,01-11-22,0,0
Ukraine,UKR,EURO,01-12-22,0,0
Ukraine,UKR,EURO,01-01-23,0,0
Ukraine,UKR,EURO,01-02-23,0,0
Ukraine,UKR,EURO,01-03-23,0,0
Ukraine,UKR,EURO,01-04-23,0,0
Ukraine,UKR,EURO,01-05-23,0,0
Ukraine,UKR,EURO,01-06-23,0,0
Ukraine,UKR,EURO,01-07-23,0,0
Ukraine,UKR,EURO,01-08-23,0,0
Ukraine,UKR,EURO,01-09-23,0,0
Ukraine,UKR,EURO,01-10-23,0,0
Ukraine,UKR,EURO,01-11-23,0,0
Ukraine,UKR,EURO,01-12-23,0,0
Ukraine,UKR,EURO,01-01-24,0,0
Ukraine,UKR,EURO,01-02-24,0,0
Ukraine,UKR,EURO,01-03-24,0,0
Ukraine,UKR,EURO,01-04-24,0,0
Ukraine,UKR,EURO,01-05-24,0,0
United Arab Emirates,ARE,EMRO,01-05-22,4,0
United Arab Emirates,ARE,EMRO,01-06-22,9,0
United Arab Emirates,ARE,EMRO,01-07-22,3,0
United States of America,USA,AMRO,01-05-22,91,0
United States of America,USA,AMRO,01-06-22,1347,0
United States of America,USA,AMRO,01-07-22,8609,7
United States of America,USA,AMRO,01-08-22,12875,22
United States of America,USA,AMRO,01-09-22,4353,12
United States of America,USA,AMRO,01-10-22,1685,8
United States of America,USA,AMRO,01-11-22,850,2
United States of America,USA,AMRO,01-12-22,283,0
United States of America,USA,AMRO,01-01-23,191,2
United States of America,USA,AMRO,01-02-23,63,0
United States of America,USA,AMRO,01-03-23,49,0
United States of America,USA,AMRO,01-04-23,42,0
United States of America,USA,AMRO,01-05-23,103,0
United States of America,USA,AMRO,01-06-23,109,0
United States of America,USA,AMRO,01-07-23,112,0
United States of America,USA,AMRO,01-08-23,109,0
United States of America,USA,AMRO,01-09-23,134,0
United States of America,USA,AMRO,01-10-23,293,1
United States of America,USA,AMRO,01-11-23,264,2
United States of America,USA,AMRO,01-12-23,230,1
United States of America,USA,AMRO,01-01-24,296,1
United States of America,USA,AMRO,01-02-24,239,0
United States of America,USA,AMRO,01-03-24,250,0
United States of America,USA,AMRO,01-04-24,271,0
United States of America,USA,AMRO,01-05-24,113,2
Uruguay,URY,AMRO,01-07-22,1,0
Uruguay,URY,AMRO,01-08-22,3,0
Uruguay,URY,AMRO,01-09-22,4,0
Uruguay,URY,AMRO,01-10-22,5,0
Uruguay,URY,AMRO,01-11-22,1,0
Uruguay,URY,AMRO,01-12-22,5,0
Uruguay,URY,AMRO,01-01-23,0,0
Uruguay,URY,AMRO,01-02-23,0,0
Uruguay,URY,AMRO,01-03-23,0,0
Uruguay,URY,AMRO,01-04-23,0,0
Uruguay,URY,AMRO,01-05-23,0,0
Uruguay,URY,AMRO,01-06-23,0,0
Uruguay,URY,AMRO,01-07-23,0,0
Uruguay,URY,AMRO,01-08-23,0,0
Uruguay,URY,AMRO,01-09-23,0,0
Uruguay,URY,AMRO,01-10-23,0,0
Uruguay,URY,AMRO,01-11-23,0,0
Uruguay,URY,AMRO,01-12-23,0,0
Uruguay,URY,AMRO,01-01-24,0,0
Uruguay,URY,AMRO,01-02-24,0,0
Uruguay,URY,AMRO,01-03-24,0,0
Uruguay,URY,AMRO,01-04-24,0,0
Uruguay,URY,AMRO,01-05-24,0,0
Venezuela (Bolivarian Republic of),VEN,AMRO,01-06-22,1,0
Venezuela (Bolivarian Republic of),VEN,AMRO,01-07-22,0,0
Venezuela (Bolivarian Republic of),VEN,AMRO,01-08-22,2,0
Venezuela (Bolivarian Republic of),VEN,AMRO,01-09-22,2,0
Venezuela (Bolivarian Republic of),VEN,AMRO,01-10-22,5,0
Venezuela (Bolivarian Republic of),VEN,AMRO,01-11-22,0,0
Venezuela (Bolivarian Republic of),VEN,AMRO,01-12-22,2,0
Venezuela (Bolivarian Republic of),VEN,AMRO,01-01-23,0,0
Venezuela (Bolivarian Republic of),VEN,AMRO,01-02-23,0,0
Venezuela (Bolivarian Republic of),VEN,AMRO,01-03-23,0,0
Venezuela (Bolivarian Republic of),VEN,AMRO,01-04-23,0,0
Venezuela (Bolivarian Republic of),VEN,AMRO,01-05-23,0,0
Venezuela (Bolivarian Republic of),VEN,AMRO,01-06-23,0,0
Venezuela (Bolivarian Republic of),VEN,AMRO,01-07-23,0,0
Venezuela (Bolivarian Republic of),VEN,AMRO,01-08-23,0,0
Venezuela (Bolivarian Republic of),VEN,AMRO,01-09-23,0,0
Venezuela (Bolivarian Republic of),VEN,AMRO,01-10-23,0,0
Venezuela (Bolivarian Republic of),VEN,AMRO,01-11-23,0,0
Venezuela (Bolivarian Republic of),VEN,AMRO,01-12-23,0,0
Venezuela (Bolivarian Republic of),VEN,AMRO,01-01-24,0,0
Venezuela (Bolivarian Republic of),VEN,AMRO,01-02-24,0,0
Venezuela (Bolivarian Republic of),VEN,AMRO,01-03-24,0,0
Venezuela (Bolivarian Republic of),VEN,AMRO,01-04-24,0,0
Venezuela (Bolivarian Republic of),VEN,AMRO,01-05-24,0,0
Viet Nam,VNM,WPRO,01-10-22,2,0
Viet Nam,VNM,WPRO,01-07-23,1,0
Viet Nam,VNM,WPRO,01-09-23,2,0
Viet Nam,VNM,WPRO,01-10-23,40,1
Viet Nam,VNM,WPRO,01-11-23,47,1
Viet Nam,VNM,WPRO,01-12-23,29,4
Viet Nam,VNM,WPRO,01-01-24,21,0
Viet Nam,VNM,WPRO,01-02-24,5,0
Viet Nam,VNM,WPRO,01-03-24,22,2
Viet Nam,VNM,WPRO,01-05-24,27,0
